titre,ville,prix,date
titre,ville,prix,date
titre,ville,prix,date
titre,ville,prix,date
titre,ville,prix,date
titre,ville,prix,date
titre,ville,prix,date
titre,ville,prix,date
titre,ville,prix,date
titre,ville,prix,date
titre,ville,prix,date
titre,ville,prix,date
titre,ville,prix,date
Infinix Note 2 X600,Casablanca,700 ,08 Janvier
Iphone 13 pro Gold 256 G neuf ,Kénitra,Prix non specifié,09 Décembre
smartwatch,Rabat,500 ,01 Décembre
iPhone 11 128Go à vendre,Casablanca,6 300 ,16 Novembre
téléphone à vendre ,Rabat,1 200 ,03 Novembre
nokia 1 à vendre,Temara,600 ,30 Octobre
téléphones à vendre pour pièces,Oujda,800 ,20 Octobre
Iphone 12 mini 128 GB neuf à vendre ,Agadir,7 100 ,12 Octobre
Des cartes mère à vendre ,Casablanca,350 ,07 Octobre
smartphones Xiaomi à vendre,Mohammedia,1 100 ,09 Septembre
télé à vendre 1 er main ,Salé,Prix non specifié,03 Septembre
SAMSUNG S9 NOIR 64 Go avec Carte SD 16 Go,Casablanca,1 600 ,24 Août
Huawei ,Salé,300 ,18 Août
17 iphones non testés à vendre,Marrakech,5 500 ,12 Août
Samsung neuf bon prix ,Rabat,6 000 ,09 Août
Samsung A40 ,Kénitra,1 350 ,09 Août
Samsung A40 à vendre ,Kénitra,1 350 ,09 Août
samsung A02 S neuf plastifié garantie 1ans,Oujda,1 350 ,22 Juin
Iphone 11 pro 128 G en bonne etat,Casablanca,7 000 ,21 Juin
Offre à ne pas rater oppo a3s 16GB 2gb ram 1000dh,Casablanca,1 000 ,17 Juin
Samsung galaxy watch 4 44mm,Casablanca,2 400 ,18:06
MacBook PRO/Apple watch 3/série 5 et série 6 neufs,Temara,Prix non specifié,15:46
Iphone 12 pro max/12 pro/watch active/tabs7 neufs,Rabat,Prix non specifié,13:30
Watch GT2/Tab S7/iphone 13/note 20 ultra neufs,Casablanca,Prix non specifié,12:00
oppo F9 a vendre,Casablanca,1 200 ,12 Janvier
band 3,El Jadida,200 ,09 Janvier
Redmi 9 à vendre,Tétouan,1 300 ,08 Janvier
Infinix Note 2 X600,Casablanca,700 ,08 Janvier
samsung galaxy m12 4gb 128gb,Casablanca,1 700 ,05 Janvier
Samsung galaxy S20 plus 128go-8go,Casablanca,5 999 ,05 Janvier
Nokia Huawei,Temara,Prix non specifié,05 Janvier
Samsung galaxy S20 Ultra 256go-12go,Casablanca,8 500 ,01 Janvier
IPhone 6 128 Go ,Rabat,4 000 ,31 Décembre
Samsung Galaxy A12 128-4go,Casablanca,1 650 ,27 Décembre
Samsung galaxy S21 5G 256-8go,Casablanca,7 100 ,27 Décembre
Samsang A10s 32 giga,Kénitra,Prix non specifié,24 Décembre
Samsung Galaxy A72 256/8Go,Casablanca,4 300 ,21 Décembre
Téléphone ,Settat,2 700 ,21 Décembre
deux téléphone à vendre,Casablanca,300 ,12 Décembre
Samsung à vendre ,Casablanca,900 ,07 Décembre
Tecno spark 2 à vendre,Marrakech,500 ,03 Décembre
smartwatch,Rabat,500 ,01 Décembre
Samsung Galaxy A03s 64Go 4Go RAM,Casablanca,1 399 ,26 Novembre
Vitrine à vendre,Mehdia,1 400 ,21 Novembre
Xiaomi Mi 10T 128/8 GB neuf avec carton,Fès,3 000 ,18 Novembre
2 téléphone à vendre en très bon état ,Rabat,Prix non specifié,17 Novembre
Samsung S7 edge,Mohammedia,1 050 ,27 Octobre
Montre connectée,Casablanca,270 ,20 Octobre
téléphones à vendre pour pièces,Oujda,800 ,20 Octobre
Iphone XR à vendre ,Casablanca,4 600 ,10 Octobre
Téléphone portable à vendre,Casablanca,700 ,06 Octobre
À vendre iPhone 13 Pro,Marrakech,15 000 ,26 Septembre
Apple Watch série 6 à vendre ,Marrakech,4 000 ,24 Septembre
amazfit gts 2 mini,Rabat,1 200 ,22 Septembre
iPhone 6s Plus et iPad 2 à vendre ,Bouznika,2 000 ,17 Septembre
Apple IPad/Galaxy S20plus/IPhone,Tanger,Prix non specifié,18:30
Samsung galaxy watch 4 44mm,Casablanca,2 400 ,18:06
MacBook PRO/Apple watch 3/série 5 et série 6 neufs,Temara,Prix non specifié,15:46
Iphone 12 pro max/12 pro/watch active/tabs7 neufs,Rabat,Prix non specifié,13:30
Watch GT2/Tab S7/iphone 13/note 20 ultra neufs,Casablanca,Prix non specifié,12:00
band 3,El Jadida,200 ,09 Janvier
iphone 13 pro max à el jadida,El Jadida,1 799 ,08 Janvier
Iphone 12 Pro Max À Casablanca,Casablanca,1 599 ,08 Janvier
Infinix Note 2 X600,Casablanca,700 ,08 Janvier
IPHONE 12 PRO MAX À AA CENTRE VILLE,Casablanca,1 599 ,06 Janvier
samsung galaxy m12 4gb 128gb,Casablanca,1 700 ,05 Janvier
Samsung galaxy S20 plus 128go-8go,Casablanca,5 999 ,05 Janvier
Samsung Z fold 3 noir (neuf),Casablanca,11 500 ,04 Janvier
Samsung galaxy S20 Ultra 256go-12go,Casablanca,8 500 ,01 Janvier
Téléphone à vendre un smartphone Huawei Y6P,Agadir,900 ,28 Décembre
Samsung Galaxy A12 128-4go,Casablanca,1 650 ,27 Décembre
Samsung galaxy S21 5G 256-8go,Casablanca,7 100 ,27 Décembre
Samsung Galaxy A72 256/8Go,Casablanca,4 300 ,21 Décembre
Note20 ultra à vendre,Ben Ahmed,7 500 ,13 Décembre
Appareil téléphonique,Kénitra,Prix non specifié,12 Décembre
Samsung S20 plus à vendre,Casablanca,5 500 ,07 Décembre
smartwatch,Rabat,500 ,01 Décembre
Huawei p smart ,El Jadida,800 ,27 Novembre
Samsung Galaxy A03s 64Go 4Go RAM,Casablanca,1 399 ,26 Novembre
sumsung A71 ,Casablanca,Prix non specifié,24 Novembre
Xiaomi Mi 10T 128/8 GB neuf avec carton,Fès,3 000 ,18 Novembre
Samsung galaxy Z Fold 3 5G,Benslimane,14 500 ,15 Novembre
Xiaomi Redmi Note 8 Pro,Fès,2 000 ,09 Novembre
Xiaomi Redmi Note 8 Pro ,Fès,2 000 ,09 Novembre
iPhone 12 Pro à vendre encore neuf utilisé 3 mois ,El Jadida,9 100 ,07 Novembre
téléphones à vendre pour pièces,Oujda,800 ,20 Octobre
telefone hwawi,Mohammedia,800 ,17 Octobre
13 Pro Max,Casablanca,16 500 ,10 Octobre
Des cartes mère à vendre ,Casablanca,350 ,07 Octobre
telephone SUMSUNG J7 PRO comme neuf à vendre,Tanger,900 ,03 Octobre
Samsung galaxy watch 4 44mm,Casablanca,2 400 ,18:06
MacBook PRO/Apple watch 3/série 5 et série 6 neufs,Temara,Prix non specifié,15:46
Iphone 12 pro max/12 pro/watch active/tabs7 neufs,Rabat,Prix non specifié,13:30
Watch GT2/Tab S7/iphone 13/note 20 ultra neufs,Casablanca,Prix non specifié,12:00
Samsung A30 ,Mohammedia,1 200 ,10 Janvier
samsung galaxy m12 4gb 128gb,Casablanca,1 700 ,05 Janvier
Samsung galaxy S20 plus 128go-8go,Casablanca,5 999 ,05 Janvier
Samsung galaxy S20 Ultra 256go-12go,Casablanca,8 500 ,01 Janvier
iPhone 7 ,Rabat,5 000 ,31 Décembre
Samsung Galaxy A12 128-4go,Casablanca,1 650 ,27 Décembre
Samsung galaxy S21 5G 256-8go,Casablanca,7 100 ,27 Décembre
Samsung Galaxy A72 256/8Go,Casablanca,4 300 ,21 Décembre
Zenfone 4 à vendre,Fès,2 000 ,17 Décembre
tablette samsung à vendre ,Casablanca,800 ,08 Décembre
SAMSUNG GALAXY A31 128Go/4Go,Casablanca,1 600 ,05 Décembre
smartwatch,Rabat,500 ,01 Décembre
montre lokmat à vendre ,Ait Melloul,1 200 ,28 Novembre
Samsung Galaxy A03s 64Go 4Go RAM,Casablanca,1 399 ,26 Novembre
Xiaomi Mi 10T 128/8 GB neuf avec carton,Fès,3 000 ,18 Novembre
huawei à vendre,Casablanca,1 400 ,27 Octobre
telephone à vendre ,Biougra,1 000 ,18 Octobre
téléphone à vendre,Casablanca,1 500 ,05 Octobre
téléphone à vendre ,Casablanca,1 500 ,05 Octobre
Redmi note 8 en bon état ,El Jadida,1 350 ,04 Octobre
téléphone ,Casablanca,600 ,24 Septembre
 note4,Salé,1 200 ,23 Septembre
J’ai 4 iPhone À vendre,Oujda,Prix non specifié,04 Septembre
télé à vendre 1 er main ,Salé,Prix non specifié,03 Septembre
Infinix note 4 pro à vendre,Sefrou,1 000 ,27 Août
Redmi note 8 ,El Jadida,1 250 ,22 Août
17 iphones non testés à vendre,Marrakech,5 500 ,12 Août
redme 9 ,Marrakech,1 400 ,07 Août
Pc portable à vendre ,Settat,3 000 ,28 Juillet
Xiaomi Redmi note 9s à vendre prix négociable,Youssoufia,2 100 ,25 Juillet
Tecno Spark 7 pro,Casablanca,Prix non specifié,24 Juillet
lot des cartes mères,Meknès,Prix non specifié,20:59
MacBook PRO/Apple watch 3/série 5 et série 6 neufs,Temara,Prix non specifié,15:46
Watch GT2/Tab S7/iphone 13/note 20 ultra neufs,Casablanca,Prix non specifié,12:00
iphone 13 pro max à el jadida,El Jadida,1 799 ,08 Janvier
Iphone 12 Pro Max À Casablanca,Casablanca,1 599 ,08 Janvier
IPHONE 12 PRO MAX À AA CENTRE VILLE,Casablanca,1 599 ,06 Janvier
smartwatch,Rabat,500 ,01 Décembre
Infinix zéro 5 pro,Ratba,1 000 ,29 Novembre
iPhone 11 128go couleur mauve ,Casablanca,7 000 ,18 Novembre
iPhone 5,Salé,650 ,31 Octobre
iphone 5 en vente,Ksar el-Kebir,400 ,25 Octobre
téléphones à vendre pour pièces,Oujda,800 ,20 Octobre
Téléphone à vendre ,Fès,1 300 ,05 Octobre
Samsung A40 à vendre ,Kénitra,1 350 ,09 Août
iPhone 5 très bon état ,Rabat,400 ,07 Août
iPhone 5 à vendre,Agadir,600 ,02 Juillet
Samsung galaxy watch 4 44mm,Casablanca,2 400 ,18:06
MacBook PRO/Apple watch 3/série 5 et série 6 neufs,Temara,Prix non specifié,15:46
Iphone 12 pro max/12 pro/watch active/tabs7 neufs,Rabat,Prix non specifié,13:30
Watch GT2/Tab S7/iphone 13/note 20 ultra neufs,Casablanca,Prix non specifié,12:00
samsung galaxy m12 4gb 128gb,Casablanca,1 700 ,05 Janvier
Samsung galaxy S20 plus 128go-8go,Casablanca,5 999 ,05 Janvier
Samsung galaxy S20 Ultra 256go-12go,Casablanca,8 500 ,01 Janvier
IPhone 6 128 Go ,Rabat,4 000 ,31 Décembre
iphone 6 à vendre,Casablanca,750 ,28 Décembre
iphone 6 à vendre,Casablanca,750 ,28 Décembre
Samsung Galaxy A12 128-4go,Casablanca,1 650 ,27 Décembre
Samsung galaxy S21 5G 256-8go,Casablanca,7 100 ,27 Décembre
IPhone 6 à vendre,Rabat,1 000 ,23 Décembre
Samsung Galaxy A72 256/8Go,Casablanca,4 300 ,21 Décembre
Écran lcd iPhone 6 Plus,Casablanca,300 ,14 Décembre
Apple Watch série 6 - 44MM,Marrakech,4 700 ,08 Décembre
smartwatch,Rabat,500 ,01 Décembre
Samsung Galaxy A03s 64Go 4Go RAM,Casablanca,1 399 ,26 Novembre
Xiaomi Redmi Note 8 Pro ,Fès,2 000 ,09 Novembre
iPhone 6 Plus GOLD,Marrakech,1 800 ,06 Octobre
Iphone à vendre,Agadir,800 ,01 Octobre
IPhone 6,Marrakech,900 ,28 Septembre
À vendre smartphone ,Casablanca,1 700 ,24 Septembre
Apple Watch série 6 à vendre ,Marrakech,4 000 ,24 Septembre
Iphone 6 gris,Safi,900 ,23 Septembre
Redmi note 8 pro 64 giga ,Fès,1 450 ,15 Septembre
samsung ,Temara,1 800 ,10 Septembre
un Huawei Y9S comme neuf à vendre ,Khouribga,2 000 ,01 Septembre
Samsung G5 6,Casablanca,700 ,28 Août
huawei y9s 128 GB-6R bon etat,Mohammedia,1 800 ,26 Août
Samsung G5 6,Casablanca,700 ,26 Août
Samsung Galaxy J5 6 en très bon état,Casablanca,550 ,22 Août
iPhone 6,Meknès,Prix non specifié,18 Août
iPhone 6 a vendre,Marrakech,700 ,13 Août
17 iphones non testés à vendre,Marrakech,5 500 ,12 Août
Iphone 12 pro max/12 pro/watch active/tabs7 neufs,Rabat,Prix non specifié,13:30
IPHONE 12 PRO MAX À AA GUÉÉLIZ,Marrakech,1 599 ,13 Janvier
huawei nova 7 256g 8g RAM 5G,Marrakech,3 000 ,12 Janvier
Iphone 13 Pro Max À Bouznikaki,Bouznika,1 799 ,12 Janvier
Iphone 13 Pro Max À A Agdal,Rabat,1 799 ,11 Janvier
iphone 13 pro max à aa maaaaaarif,Casablanca,1 799 ,11 Janvier
iPhone 7 32gb,Agadir,1 300 ,09 Janvier
iphone 13 pro max à a toute la ville,Béni Mellal,1 799 ,08 Janvier
iphone 13 pro max à el jadida,El Jadida,1 799 ,08 Janvier
Iphone 12 Pro Max À Casablanca,Casablanca,1 599 ,08 Janvier
iphone 13 pro max à ,Safi,1 799 ,08 Janvier
iPhone 7 à vendre bon état,Salé,1 200 ,06 Janvier
IPHONE 12 PRO MAX À AA CENTRE VILLE,Casablanca,1 599 ,06 Janvier
iPhone 7 ,Rabat,5 000 ,31 Décembre
IPHONE ,Béni Mellal,1 400 ,28 Décembre
iPhone 7 32g ,Casablanca,1 200 ,27 Décembre
Iphone 7 a vendre,Casablanca,1 000 ,17 Décembre
iPhone 7 à 1660 dh,Mohammedia,1 660 ,08 Décembre
Iphone 7 à vendre pour pièces ,Rabat,450 ,07 Décembre
iphone 7,Béni Mellal,1 600 ,05 Décembre
iphone 7 à vendre,Meknès,1 500 ,03 Décembre
smartwatch,Rabat,500 ,01 Décembre
iPhone 7 à vendre très bon état,Meknès,1 000 ,30 Novembre
iPhone 7 à vendre 128 go ,Marrakech,1 500 ,30 Novembre
Iphone 7 ,Agadir,1 400 ,28 Novembre
iphone 7 normal ,Casablanca,850 ,22 Novembre
iphone 7 128 Gb,El Jadida,1 600 ,22 Novembre
Xiaomi Redmi Note 8 Pro,Fès,2 000 ,09 Novembre
iphone 7 plus à vendre,Casablanca,1 750 ,27 Octobre
Iphone a vendre,Agadir,2 300 ,24 Octobre
Iphone 7 à vendre,Mohammedia,1 600 ,17 Octobre
iPhone 7 Plus 32GB,Agadir,2 100 ,12 Octobre
iPhone 7 Plus 128GB,Agadir,2 400 ,12 Octobre
Samsung s10 s10 plus 128G 8 ram état 9 livraison ,Kénitra,Prix non specifié,06 Octobre
iPhone 7 Plus à vendre,Fès,1 900 ,01 Octobre
Samsung galaxy watch 4 44mm,Casablanca,2 400 ,18:06
Iphone 12 pro max/12 pro/watch active/tabs7 neufs,Rabat,Prix non specifié,13:30
Watch GT2/Tab S7/iphone 13/note 20 ultra neufs,Casablanca,Prix non specifié,12:00
IPHONE 12 PRO MAX À AA GUÉÉLIZ,Marrakech,1 599 ,13 Janvier
Iphone 13 Pro Max À Bouznikaki,Bouznika,1 799 ,12 Janvier
iphone 8 plus,El Jadida,3 100 ,11 Janvier
IPHONE 8 64 G à vendre,Tanger,2 200 ,11 Janvier
Iphone 13 Pro Max À A Agdal,Rabat,1 799 ,11 Janvier
iphone 13 pro max à aa maaaaaarif,Casablanca,1 799 ,11 Janvier
iphone 13 pro max à a toute la ville,Béni Mellal,1 799 ,08 Janvier
iphone 13 pro max à el jadida,El Jadida,1 799 ,08 Janvier
Iphone 12 Pro Max À Casablanca,Casablanca,1 599 ,08 Janvier
iphone 13 pro max à ,Safi,1 799 ,08 Janvier
IPHONE 12 PRO MAX À AA CENTRE VILLE,Casablanca,1 599 ,06 Janvier
samsung galaxy m12 4gb 128gb,Casablanca,1 700 ,05 Janvier
Samsung galaxy S20 plus 128go-8go,Casablanca,5 999 ,05 Janvier
Samsung galaxy S20 Ultra 256go-12go,Casablanca,8 500 ,01 Janvier
Samsung Galaxy A12 128-4go,Casablanca,1 650 ,27 Décembre
Samsung galaxy S21 5G 256-8go,Casablanca,7 100 ,27 Décembre
iphone 8 plus ,Oujda,Prix non specifié,26 Décembre
Samsung Galaxy A72 256/8Go,Casablanca,4 300 ,21 Décembre
Oppo A9 2020 à vendre ,Casablanca,1 900 ,05 Décembre
À vendre,Rabat,1 900 ,04 Décembre
smartwatch,Rabat,500 ,01 Décembre
Samsung Galaxy A03s 64Go 4Go RAM,Casablanca,1 399 ,26 Novembre
Xiaomi Mi 10T 128/8 GB neuf avec carton,Fès,3 000 ,18 Novembre
Oppo A92,Oujda,1 700 ,15 Novembre
Iphone 8 plus à vendre ,Fès,4 000 ,12 Novembre
iPhone 8 64 Gb comme Neuf,Mohammedia,2 000 ,10 Novembre
Huawei P30 à vendre ,Casablanca,4 200 ,10 Novembre
Xiaomi Redmi Note 8 Pro,Fès,2 000 ,09 Novembre
Xiaomi Redmi Note 8 Pro ,Fès,2 000 ,09 Novembre
xiaomi à vendre bon état ,Casablanca,2 900 ,18 Octobre
Iphone 8 à vendre,Marrakech,1 300 ,17 Octobre
Téléphone bon état 8 Ram 64 Mp ,Casablanca,2 200 ,07 Octobre
Samsung galaxy watch 4 44mm,Casablanca,2 400 ,18:06
MacBook PRO/Apple watch 3/série 5 et série 6 neufs,Temara,Prix non specifié,15:46
Iphone 12 pro max/12 pro/watch active/tabs7 neufs,Rabat,Prix non specifié,13:30
Watch GT2/Tab S7/iphone 13/note 20 ultra neufs,Casablanca,Prix non specifié,12:00
Redmi 9 à vendre,Tétouan,1 300 ,08 Janvier
samsung galaxy m12 4gb 128gb,Casablanca,1 700 ,05 Janvier
Samsung galaxy S20 plus 128go-8go,Casablanca,5 999 ,05 Janvier
mi 9 à vendre 1300 Dh ,Tanger,Prix non specifié,01 Janvier
Samsung galaxy S20 Ultra 256go-12go,Casablanca,8 500 ,01 Janvier
Samsung Galaxy A12 128-4go,Casablanca,1 650 ,27 Décembre
Samsung galaxy S21 5G 256-8go,Casablanca,7 100 ,27 Décembre
Samsung Galaxy A72 256/8Go,Casablanca,4 300 ,21 Décembre
Note20 ultra à vendre,Ben Ahmed,7 500 ,13 Décembre
Xiaomi redmi 9 à vendre,Casablanca,1 300 ,06 Décembre
Oppo 9 2020,Tanger,1 800 ,05 Décembre
smartwatch,Rabat,500 ,01 Décembre
Samsung Galaxy A03s 64Go 4Go RAM,Casablanca,1 399 ,26 Novembre
redmi note 9 pro ,Berrechid,2 000 ,20 Novembre
Note 9 à vendre ,Casablanca,Prix non specifié,11 Novembre
INFINIX HOT 9 PLAY,Al Hoceïma,1 300 ,20 Octobre
Des cartes mère à vendre ,Casablanca,350 ,07 Octobre
Samsung s10 s10 plus 128G 8 ram état 9 livraison ,Kénitra,Prix non specifié,06 Octobre
redmi 9 bon état ,Sefrou,1 300 ,05 Septembre
SAMSUNG S9 NOIR 64 Go avec Carte SD 16 Go,Casablanca,1 600 ,24 Août
GO PRO 9 À VEBDRE,Casablanca,5 000 ,22 Août
redme 9 ,Marrakech,1 400 ,07 Août
Samsung galaxy watch 4 44mm,Casablanca,2 400 ,18:06
MacBook PRO/Apple watch 3/série 5 et série 6 neufs,Temara,Prix non specifié,15:46
Iphone 12 pro max/12 pro/watch active/tabs7 neufs,Rabat,Prix non specifié,13:30
Watch GT2/Tab S7/iphone 13/note 20 ultra neufs,Casablanca,Prix non specifié,12:00
oppo F9 a vendre,Casablanca,1 200 ,12 Janvier
samsung galaxy m12 4gb 128gb,Casablanca,1 700 ,05 Janvier
Samsung galaxy S20 plus 128go-8go,Casablanca,5 999 ,05 Janvier
note10 lite à vendre,Rabat,3 200 ,04 Janvier
Samsung galaxy S20 Ultra 256go-12go,Casablanca,8 500 ,01 Janvier
Téléphone à vendre un smartphone Huawei Y6P,Agadir,900 ,28 Décembre
Samsung Galaxy A12 128-4go,Casablanca,1 650 ,27 Décembre
Samsung galaxy S21 5G 256-8go,Casablanca,7 100 ,27 Décembre
Samsung Galaxy A72 256/8Go,Casablanca,4 300 ,21 Décembre
Téléphone ,Settat,2 700 ,21 Décembre
xiomi Redmi not 10 128g 4g ram ,El Jadida,1 950 ,19 Décembre
 téléphone à vendre.,Taza,2 750 ,11 Décembre
smartwatch,Rabat,500 ,01 Décembre
Samsung Galaxy A03s 64Go 4Go RAM,Casablanca,1 399 ,26 Novembre
Infinix hot 10 neuf ,Casablanca,1 000 ,29 Octobre
Chargeur induction belkin 10 w,Béni Mellal,300 ,22 Octobre
telephone à vendre ,Biougra,1 000 ,18 Octobre
not 10 à vendre,Fès,1 750 ,13 Octobre
note 10 à vendre,Fès,1 700 ,11 Octobre
Des cartes mère à vendre ,Casablanca,350 ,07 Octobre
note 10 plus ,Agadir,5 300 ,31 Août
Téléphone à vendre,Meknès,1 500 ,27 Août
Note 10 plus américain neuf à vendre,Agadir,9 000 ,19 Août
Infinix Hot 10 Play,Casablanca,1 300 ,17 Août
Huawei Mate 10 Lite,Fès,900 ,06 Août
Xiaomi Mi 10,Casablanca,4 300 ,20 Juin
Xiaomi Redmi Note 10,Casablanca,1 000 ,12 Juin
Apple IPad/Galaxy S20plus/IPhone,Tanger,Prix non specifié,18:30
Samsung galaxy watch 4 44mm,Casablanca,2 400 ,18:06
MacBook PRO/Apple watch 3/série 5 et série 6 neufs,Temara,Prix non specifié,15:46
Watch GT2/Tab S7/iphone 13/note 20 ultra neufs,Casablanca,Prix non specifié,12:00
Iphone 11 ,Casablanca,Prix non specifié,01:32
IPHONE 12 PRO MAX À AA GUÉÉLIZ,Marrakech,1 599 ,13 Janvier
Iphone 13 Pro Max À Bouznikaki,Bouznika,1 799 ,12 Janvier
Iphone 13 Pro Max À A Agdal,Rabat,1 799 ,11 Janvier
iphone 13 pro max à aa maaaaaarif,Casablanca,1 799 ,11 Janvier
iphone 11 à vendre,Rabat,4 999 ,10 Janvier
Téléphone à vendre ,Rabat,1 750 ,08 Janvier
iphone 13 pro max à a toute la ville,Béni Mellal,1 799 ,08 Janvier
iphone 13 pro max à el jadida,El Jadida,1 799 ,08 Janvier
Iphone 12 Pro Max À Casablanca,Casablanca,1 599 ,08 Janvier
iphone 13 pro max à ,Safi,1 799 ,08 Janvier
IPHONE 12 PRO MAX À AA CENTRE VILLE,Casablanca,1 599 ,06 Janvier
samsung galaxy m12 4gb 128gb,Casablanca,1 700 ,05 Janvier
Samsung galaxy S20 plus 128go-8go,Casablanca,5 999 ,05 Janvier
iPhone 11 Pro Max 256 go,Rabat,6 500 ,05 Janvier
Samsung galaxy S20 Ultra 256go-12go,Casablanca,8 500 ,01 Janvier
Iphone 11 64g,El Jadida,5 200 ,31 Décembre
Samsung Galaxy A12 128-4go,Casablanca,1 650 ,27 Décembre
Samsung galaxy S21 5G 256-8go,Casablanca,7 100 ,27 Décembre
iPhone 11 bleu ,Tanger,4 700 ,26 Décembre
Xiaomi 11 mi lite 5g ,Marrakech,3 000 ,24 Décembre
Samsung Galaxy A72 256/8Go,Casablanca,4 300 ,21 Décembre
Iphone 11 en excellent état,Rabat,4 900 ,12 Décembre
iPhone 11 128go,Meknès,5 400 ,09 Décembre
Iphone 11 pro max,Casablanca,6 500 ,06 Décembre
smartwatch,Rabat,500 ,01 Décembre
Iphone 11 Pro Max ,Agadir,7 300 ,29 Novembre
Samsung Galaxy A03s 64Go 4Go RAM,Casablanca,1 399 ,26 Novembre
iPhone 11 128Gb ,Casablanca,4 600 ,20 Novembre
iPhone 11 etat batterie 90 stockage 64g ,Meknès,4 800 ,19 Novembre
iPhone 11 128go couleur mauve ,Casablanca,7 000 ,18 Novembre
Apple IPad/Galaxy S20plus/IPhone,Tanger,Prix non specifié,18:30
Samsung galaxy watch 4 44mm,Casablanca,2 400 ,18:06
MacBook PRO/Apple watch 3/série 5 et série 6 neufs,Temara,Prix non specifié,15:46
Iphone 12 pro max/12 pro/watch active/tabs7 neufs,Rabat,Prix non specifié,13:30
Watch GT2/Tab S7/iphone 13/note 20 ultra neufs,Casablanca,Prix non specifié,12:00
iphone 12 pro max ,Casablanca,15 500 ,13 Janvier
IPHONE 12 PRO MAX À AA GUÉÉLIZ,Marrakech,1 599 ,13 Janvier
Iphone 13 Pro Max À Bouznikaki,Bouznika,1 799 ,12 Janvier
Iphone 13 Pro Max À A Agdal,Rabat,1 799 ,11 Janvier
iphone 13 pro max à aa maaaaaarif,Casablanca,1 799 ,11 Janvier
Iphone 12 mini à vendre,Casablanca,5 300 ,08 Janvier
iphone 13 pro max à a toute la ville,Béni Mellal,1 799 ,08 Janvier
iphone 13 pro max à el jadida,El Jadida,1 799 ,08 Janvier
Iphone 12 Pro Max À Casablanca,Casablanca,1 599 ,08 Janvier
iphone 13 pro max à ,Safi,1 799 ,08 Janvier
IPHONE 12 PRO MAX À AA CENTRE VILLE,Casablanca,1 599 ,06 Janvier
samsung galaxy m12 4gb 128gb,Casablanca,1 700 ,05 Janvier
Samsung galaxy S20 plus 128go-8go,Casablanca,5 999 ,05 Janvier
iPhone 12 pro,Marrakech,8 800 ,02 Janvier
Samsung galaxy S20 Ultra 256go-12go,Casablanca,8 500 ,01 Janvier
Samsung Galaxy A12 128-4go,Casablanca,1 650 ,27 Décembre
Samsung galaxy S21 5G 256-8go,Casablanca,7 100 ,27 Décembre
Samsung Galaxy A72 256/8Go,Casablanca,4 300 ,21 Décembre
IPhone 12,Rabat,6 800 ,14 Décembre
IPhone 12 pro à vendre ,Marrakech,10 700 ,12 Décembre
I phone 12 pro à vendre ,Casablanca,11 000 ,02 Décembre
smartwatch,Rabat,500 ,01 Décembre
Samsung Galaxy A03s 64Go 4Go RAM,Casablanca,1 399 ,26 Novembre
iPhone 12 Pro Max ,Mohammedia,8 500 ,20 Novembre
iphone 12 pro max,Rabat,2 000 ,09 Novembre
iPhone 12 Pro à vendre encore neuf utilisé 3 mois ,El Jadida,9 100 ,07 Novembre
iphone 11. 11 pro. 12,Béni Mellal,6 700 ,17 Octobre
Iphone 12 mini 128 GB neuf à vendre ,Agadir,7 100 ,12 Octobre
iPhone 12 128GB & pochette a vendre ,Tétouan,8 200 ,02 Octobre
iphone12,Meknès,Prix non specifié,28 Septembre
Samsung galaxy watch 4 44mm,Casablanca,2 400 ,18:06
MacBook PRO/Apple watch 3/série 5 et série 6 neufs,Temara,Prix non specifié,15:46
Watch GT2/Tab S7/iphone 13/note 20 ultra neufs,Casablanca,Prix non specifié,12:00
Iphone 13 normal 256 G bleu et noir neuf ,Kénitra,Prix non specifié,13 Janvier
Iphone 13 Pro Max À Bouznikaki,Bouznika,1 799 ,12 Janvier
Iphone 13 Pro Max À A Agdal,Rabat,1 799 ,11 Janvier
iphone 13 pro max à aa maaaaaarif,Casablanca,1 799 ,11 Janvier
iphone 13 pro max à a toute la ville,Béni Mellal,1 799 ,08 Janvier
iphone 13 pro max à el jadida,El Jadida,1 799 ,08 Janvier
iphone 13 pro max à ,Safi,1 799 ,08 Janvier
iPhone 13 neuf emballé et jamais utilisé ,Marrakech,10 500 ,06 Janvier
samsung galaxy m12 4gb 128gb,Casablanca,1 700 ,05 Janvier
Samsung galaxy S20 plus 128go-8go,Casablanca,5 999 ,05 Janvier
Samsung galaxy S20 Ultra 256go-12go,Casablanca,8 500 ,01 Janvier
Samsung Galaxy A12 128-4go,Casablanca,1 650 ,27 Décembre
Samsung galaxy S21 5G 256-8go,Casablanca,7 100 ,27 Décembre
Samsung Galaxy A72 256/8Go,Casablanca,4 300 ,21 Décembre
Iphone 13 pro Gold 256 G neuf ,Kénitra,Prix non specifié,09 Décembre
smartwatch,Rabat,500 ,01 Décembre
Iphone 13 & Iphone 13 mini,Rabat,Prix non specifié,28 Novembre
Samsung Galaxy A03s 64Go 4Go RAM,Casablanca,1 399 ,26 Novembre
iPhone 13 RED neuf ,Casablanca,Prix non specifié,11 Novembre
Iphone 13 256 G neuf boîte fermé ,Kénitra,Prix non specifié,10 Novembre
Iphone 13 ,Casablanca,Prix non specifié,08 Novembre
Des iphones 13 pro max 128 gb ,Marrakech,15 700 ,18 Octobre
13 Pro Max,Casablanca,16 500 ,10 Octobre
iphone 13 pro Max 128 G 256G neuf ,Kénitra,Prix non specifié,02 Octobre
Iphone 13 pro max ,Casablanca,22 000 ,29 Septembre
À vendre iPhone 13 Pro,Marrakech,15 000 ,26 Septembre
Samsung galaxy watch 4 44mm,Casablanca,2 400 ,18:06
MacBook PRO/Apple watch 3/série 5 et série 6 neufs,Temara,Prix non specifié,15:46
Iphone 12 pro max/12 pro/watch active/tabs7 neufs,Rabat,Prix non specifié,13:30
Watch GT2/Tab S7/iphone 13/note 20 ultra neufs,Casablanca,Prix non specifié,12:00
samsung galaxy m12 4gb 128gb,Casablanca,1 700 ,05 Janvier
Samsung galaxy S20 plus 128go-8go,Casablanca,5 999 ,05 Janvier
Samsung galaxy S20 Ultra 256go-12go,Casablanca,8 500 ,01 Janvier
Samsung Galaxy A12 128-4go,Casablanca,1 650 ,27 Décembre
Samsung galaxy S21 5G 256-8go,Casablanca,7 100 ,27 Décembre
Samsung Galaxy A72 256/8Go,Casablanca,4 300 ,21 Décembre
smartwatch,Rabat,500 ,01 Décembre
Samsung Galaxy A03s 64Go 4Go RAM,Casablanca,1 399 ,26 Novembre
Vivo y15 à vendre ,Meknès,1 200 ,13 Août
Samsung galaxy watch 4 44mm,Casablanca,2 400 ,18:06
MacBook PRO/Apple watch 3/série 5 et série 6 neufs,Temara,Prix non specifié,15:46
Iphone 12 pro max/12 pro/watch active/tabs7 neufs,Rabat,Prix non specifié,13:30
IPHONE 12 PRO MAX À AA GUÉÉLIZ,Marrakech,1 599 ,13 Janvier
Iphone 13 Pro Max À Bouznikaki,Bouznika,1 799 ,12 Janvier
Iphone 13 Pro Max À A Agdal,Rabat,1 799 ,11 Janvier
iphone 13 pro max à aa maaaaaarif,Casablanca,1 799 ,11 Janvier
iphone 13 pro max à a toute la ville,Béni Mellal,1 799 ,08 Janvier
iphone 13 pro max à el jadida,El Jadida,1 799 ,08 Janvier
Iphone 12 Pro Max À Casablanca,Casablanca,1 599 ,08 Janvier
iphone 13 pro max à ,Safi,1 799 ,08 Janvier
Infinix Note 2 X600,Casablanca,700 ,08 Janvier
IPHONE 12 PRO MAX À AA CENTRE VILLE,Casablanca,1 599 ,06 Janvier
samsung galaxy m12 4gb 128gb,Casablanca,1 700 ,05 Janvier
Samsung galaxy S20 plus 128go-8go,Casablanca,5 999 ,05 Janvier
Samsung galaxy S20 Ultra 256go-12go,Casablanca,8 500 ,01 Janvier
Samsung Galaxy A12 128-4go,Casablanca,1 650 ,27 Décembre
Samsung galaxy S21 5G 256-8go,Casablanca,7 100 ,27 Décembre
Samsung Galaxy A72 256/8Go,Casablanca,4 300 ,21 Décembre
Samsung Galaxy A03s 64Go 4Go RAM,Casablanca,1 399 ,26 Novembre
SAMSUNG S9 NOIR 64 Go avec Carte SD 16 Go,Casablanca,1 600 ,24 Août
Samsung Galaxy J5 6 en très bon état,Casablanca,550 ,22 Août
Iphone 7 à vendre très propre ,Oujda,1 000 ,13 Août
Samsung A40 à vendre ,Kénitra,1 350 ,09 Août
17 iphones non testés à vendre,Marrakech,5 500 ,12 Août
titre,ville,prix,date
Infinix Note 2 X600,Casablanca,700 ,08 Janvier
Iphone 13 pro Gold 256 G neuf ,Kénitra,Prix non specifié,09 Décembre
smartwatch,Rabat,500 ,01 Décembre
iPhone 11 128Go à vendre,Casablanca,6 300 ,16 Novembre
téléphone à vendre ,Rabat,1 200 ,03 Novembre
nokia 1 à vendre,Temara,600 ,30 Octobre
téléphones à vendre pour pièces,Oujda,800 ,20 Octobre
Iphone 12 mini 128 GB neuf à vendre ,Agadir,7 100 ,12 Octobre
Des cartes mère à vendre ,Casablanca,350 ,07 Octobre
smartphones Xiaomi à vendre,Mohammedia,1 100 ,09 Septembre
télé à vendre 1 er main ,Salé,Prix non specifié,03 Septembre
SAMSUNG S9 NOIR 64 Go avec Carte SD 16 Go,Casablanca,1 600 ,24 Août
Huawei ,Salé,300 ,18 Août
17 iphones non testés à vendre,Marrakech,5 500 ,12 Août
Samsung neuf bon prix ,Rabat,6 000 ,09 Août
Samsung A40 ,Kénitra,1 350 ,09 Août
Samsung A40 à vendre ,Kénitra,1 350 ,09 Août
samsung A02 S neuf plastifié garantie 1ans,Oujda,1 350 ,22 Juin
Iphone 11 pro 128 G en bonne etat,Casablanca,7 000 ,21 Juin
Offre à ne pas rater oppo a3s 16GB 2gb ram 1000dh,Casablanca,1 000 ,17 Juin
Samsung galaxy watch 4 44mm,Casablanca,2 400 ,18:06
MacBook PRO/Apple watch 3/série 5 et série 6 neufs,Temara,Prix non specifié,15:46
Iphone 12 pro max/12 pro/watch active/tabs7 neufs,Rabat,Prix non specifié,13:30
Watch GT2/Tab S7/iphone 13/note 20 ultra neufs,Casablanca,Prix non specifié,12:00
oppo F9 a vendre,Casablanca,1 200 ,12 Janvier
band 3,El Jadida,200 ,09 Janvier
Redmi 9 à vendre,Tétouan,1 300 ,08 Janvier
Infinix Note 2 X600,Casablanca,700 ,08 Janvier
samsung galaxy m12 4gb 128gb,Casablanca,1 700 ,05 Janvier
Samsung galaxy S20 plus 128go-8go,Casablanca,5 999 ,05 Janvier
Nokia Huawei,Temara,Prix non specifié,05 Janvier
Samsung galaxy S20 Ultra 256go-12go,Casablanca,8 500 ,01 Janvier
IPhone 6 128 Go ,Rabat,4 000 ,31 Décembre
Samsung Galaxy A12 128-4go,Casablanca,1 650 ,27 Décembre
Samsung galaxy S21 5G 256-8go,Casablanca,7 100 ,27 Décembre
Samsang A10s 32 giga,Kénitra,Prix non specifié,24 Décembre
Samsung Galaxy A72 256/8Go,Casablanca,4 300 ,21 Décembre
Téléphone ,Settat,2 700 ,21 Décembre
deux téléphone à vendre,Casablanca,300 ,12 Décembre
Samsung à vendre ,Casablanca,900 ,07 Décembre
Tecno spark 2 à vendre,Marrakech,500 ,03 Décembre
smartwatch,Rabat,500 ,01 Décembre
Samsung Galaxy A03s 64Go 4Go RAM,Casablanca,1 399 ,26 Novembre
Vitrine à vendre,Mehdia,1 400 ,21 Novembre
Xiaomi Mi 10T 128/8 GB neuf avec carton,Fès,3 000 ,18 Novembre
2 téléphone à vendre en très bon état ,Rabat,Prix non specifié,17 Novembre
Samsung S7 edge,Mohammedia,1 050 ,27 Octobre
Montre connectée,Casablanca,270 ,20 Octobre
téléphones à vendre pour pièces,Oujda,800 ,20 Octobre
Iphone XR à vendre ,Casablanca,4 600 ,10 Octobre
Téléphone portable à vendre,Casablanca,700 ,06 Octobre
À vendre iPhone 13 Pro,Marrakech,15 000 ,26 Septembre
Apple Watch série 6 à vendre ,Marrakech,4 000 ,24 Septembre
amazfit gts 2 mini,Rabat,1 200 ,22 Septembre
iPhone 6s Plus et iPad 2 à vendre ,Bouznika,2 000 ,17 Septembre
Apple IPad/Galaxy S20plus/IPhone,Tanger,Prix non specifié,18:30
Samsung galaxy watch 4 44mm,Casablanca,2 400 ,18:06
MacBook PRO/Apple watch 3/série 5 et série 6 neufs,Temara,Prix non specifié,15:46
Iphone 12 pro max/12 pro/watch active/tabs7 neufs,Rabat,Prix non specifié,13:30
Watch GT2/Tab S7/iphone 13/note 20 ultra neufs,Casablanca,Prix non specifié,12:00
band 3,El Jadida,200 ,09 Janvier
iphone 13 pro max à el jadida,El Jadida,1 799 ,08 Janvier
Iphone 12 Pro Max À Casablanca,Casablanca,1 599 ,08 Janvier
Infinix Note 2 X600,Casablanca,700 ,08 Janvier
IPHONE 12 PRO MAX À AA CENTRE VILLE,Casablanca,1 599 ,06 Janvier
samsung galaxy m12 4gb 128gb,Casablanca,1 700 ,05 Janvier
Samsung galaxy S20 plus 128go-8go,Casablanca,5 999 ,05 Janvier
Samsung Z fold 3 noir (neuf),Casablanca,11 500 ,04 Janvier
Samsung galaxy S20 Ultra 256go-12go,Casablanca,8 500 ,01 Janvier
Téléphone à vendre un smartphone Huawei Y6P,Agadir,900 ,28 Décembre
Samsung Galaxy A12 128-4go,Casablanca,1 650 ,27 Décembre
Samsung galaxy S21 5G 256-8go,Casablanca,7 100 ,27 Décembre
Samsung Galaxy A72 256/8Go,Casablanca,4 300 ,21 Décembre
Note20 ultra à vendre,Ben Ahmed,7 500 ,13 Décembre
Appareil téléphonique,Kénitra,Prix non specifié,12 Décembre
Samsung S20 plus à vendre,Casablanca,5 500 ,07 Décembre
smartwatch,Rabat,500 ,01 Décembre
Huawei p smart ,El Jadida,800 ,27 Novembre
Samsung Galaxy A03s 64Go 4Go RAM,Casablanca,1 399 ,26 Novembre
sumsung A71 ,Casablanca,Prix non specifié,24 Novembre
Xiaomi Mi 10T 128/8 GB neuf avec carton,Fès,3 000 ,18 Novembre
Samsung galaxy Z Fold 3 5G,Benslimane,14 500 ,15 Novembre
Xiaomi Redmi Note 8 Pro,Fès,2 000 ,09 Novembre
Xiaomi Redmi Note 8 Pro ,Fès,2 000 ,09 Novembre
iPhone 12 Pro à vendre encore neuf utilisé 3 mois ,El Jadida,9 100 ,07 Novembre
téléphones à vendre pour pièces,Oujda,800 ,20 Octobre
telefone hwawi,Mohammedia,800 ,17 Octobre
13 Pro Max,Casablanca,16 500 ,10 Octobre
Des cartes mère à vendre ,Casablanca,350 ,07 Octobre
telephone SUMSUNG J7 PRO comme neuf à vendre,Tanger,900 ,03 Octobre
Samsung galaxy watch 4 44mm,Casablanca,2 400 ,18:06
MacBook PRO/Apple watch 3/série 5 et série 6 neufs,Temara,Prix non specifié,15:46
Iphone 12 pro max/12 pro/watch active/tabs7 neufs,Rabat,Prix non specifié,13:30
Watch GT2/Tab S7/iphone 13/note 20 ultra neufs,Casablanca,Prix non specifié,12:00
Samsung A30 ,Mohammedia,1 200 ,10 Janvier
samsung galaxy m12 4gb 128gb,Casablanca,1 700 ,05 Janvier
Samsung galaxy S20 plus 128go-8go,Casablanca,5 999 ,05 Janvier
Samsung galaxy S20 Ultra 256go-12go,Casablanca,8 500 ,01 Janvier
iPhone 7 ,Rabat,5 000 ,31 Décembre
Samsung Galaxy A12 128-4go,Casablanca,1 650 ,27 Décembre
Samsung galaxy S21 5G 256-8go,Casablanca,7 100 ,27 Décembre
Samsung Galaxy A72 256/8Go,Casablanca,4 300 ,21 Décembre
Zenfone 4 à vendre,Fès,2 000 ,17 Décembre
tablette samsung à vendre ,Casablanca,800 ,08 Décembre
SAMSUNG GALAXY A31 128Go/4Go,Casablanca,1 600 ,05 Décembre
smartwatch,Rabat,500 ,01 Décembre
montre lokmat à vendre ,Ait Melloul,1 200 ,28 Novembre
Samsung Galaxy A03s 64Go 4Go RAM,Casablanca,1 399 ,26 Novembre
Xiaomi Mi 10T 128/8 GB neuf avec carton,Fès,3 000 ,18 Novembre
huawei à vendre,Casablanca,1 400 ,27 Octobre
telephone à vendre ,Biougra,1 000 ,18 Octobre
téléphone à vendre,Casablanca,1 500 ,05 Octobre
téléphone à vendre ,Casablanca,1 500 ,05 Octobre
Redmi note 8 en bon état ,El Jadida,1 350 ,04 Octobre
téléphone ,Casablanca,600 ,24 Septembre
 note4,Salé,1 200 ,23 Septembre
J’ai 4 iPhone À vendre,Oujda,Prix non specifié,04 Septembre
télé à vendre 1 er main ,Salé,Prix non specifié,03 Septembre
Infinix note 4 pro à vendre,Sefrou,1 000 ,27 Août
Redmi note 8 ,El Jadida,1 250 ,22 Août
17 iphones non testés à vendre,Marrakech,5 500 ,12 Août
redme 9 ,Marrakech,1 400 ,07 Août
Pc portable à vendre ,Settat,3 000 ,28 Juillet
Xiaomi Redmi note 9s à vendre prix négociable,Youssoufia,2 100 ,25 Juillet
Tecno Spark 7 pro,Casablanca,Prix non specifié,24 Juillet
lot des cartes mères,Meknès,Prix non specifié,20:59
MacBook PRO/Apple watch 3/série 5 et série 6 neufs,Temara,Prix non specifié,15:46
Watch GT2/Tab S7/iphone 13/note 20 ultra neufs,Casablanca,Prix non specifié,12:00
iphone 13 pro max à el jadida,El Jadida,1 799 ,08 Janvier
Iphone 12 Pro Max À Casablanca,Casablanca,1 599 ,08 Janvier
IPHONE 12 PRO MAX À AA CENTRE VILLE,Casablanca,1 599 ,06 Janvier
smartwatch,Rabat,500 ,01 Décembre
Infinix zéro 5 pro,Ratba,1 000 ,29 Novembre
iPhone 11 128go couleur mauve ,Casablanca,7 000 ,18 Novembre
iPhone 5,Salé,650 ,31 Octobre
iphone 5 en vente,Ksar el-Kebir,400 ,25 Octobre
téléphones à vendre pour pièces,Oujda,800 ,20 Octobre
Téléphone à vendre ,Fès,1 300 ,05 Octobre
Samsung A40 à vendre ,Kénitra,1 350 ,09 Août
iPhone 5 très bon état ,Rabat,400 ,07 Août
iPhone 5 à vendre,Agadir,600 ,02 Juillet
Samsung galaxy watch 4 44mm,Casablanca,2 400 ,18:06
MacBook PRO/Apple watch 3/série 5 et série 6 neufs,Temara,Prix non specifié,15:46
Iphone 12 pro max/12 pro/watch active/tabs7 neufs,Rabat,Prix non specifié,13:30
Watch GT2/Tab S7/iphone 13/note 20 ultra neufs,Casablanca,Prix non specifié,12:00
samsung galaxy m12 4gb 128gb,Casablanca,1 700 ,05 Janvier
Samsung galaxy S20 plus 128go-8go,Casablanca,5 999 ,05 Janvier
Samsung galaxy S20 Ultra 256go-12go,Casablanca,8 500 ,01 Janvier
IPhone 6 128 Go ,Rabat,4 000 ,31 Décembre
iphone 6 à vendre,Casablanca,750 ,28 Décembre
iphone 6 à vendre,Casablanca,750 ,28 Décembre
Samsung Galaxy A12 128-4go,Casablanca,1 650 ,27 Décembre
Samsung galaxy S21 5G 256-8go,Casablanca,7 100 ,27 Décembre
IPhone 6 à vendre,Rabat,1 000 ,23 Décembre
Samsung Galaxy A72 256/8Go,Casablanca,4 300 ,21 Décembre
Écran lcd iPhone 6 Plus,Casablanca,300 ,14 Décembre
Apple Watch série 6 - 44MM,Marrakech,4 700 ,08 Décembre
smartwatch,Rabat,500 ,01 Décembre
Samsung Galaxy A03s 64Go 4Go RAM,Casablanca,1 399 ,26 Novembre
Xiaomi Redmi Note 8 Pro ,Fès,2 000 ,09 Novembre
iPhone 6 Plus GOLD,Marrakech,1 800 ,06 Octobre
Iphone à vendre,Agadir,800 ,01 Octobre
IPhone 6,Marrakech,900 ,28 Septembre
À vendre smartphone ,Casablanca,1 700 ,24 Septembre
Apple Watch série 6 à vendre ,Marrakech,4 000 ,24 Septembre
Iphone 6 gris,Safi,900 ,23 Septembre
Redmi note 8 pro 64 giga ,Fès,1 450 ,15 Septembre
samsung ,Temara,1 800 ,10 Septembre
un Huawei Y9S comme neuf à vendre ,Khouribga,2 000 ,01 Septembre
Samsung G5 6,Casablanca,700 ,28 Août
huawei y9s 128 GB-6R bon etat,Mohammedia,1 800 ,26 Août
Samsung G5 6,Casablanca,700 ,26 Août
Samsung Galaxy J5 6 en très bon état,Casablanca,550 ,22 Août
iPhone 6,Meknès,Prix non specifié,18 Août
iPhone 6 a vendre,Marrakech,700 ,13 Août
17 iphones non testés à vendre,Marrakech,5 500 ,12 Août
Iphone 12 pro max/12 pro/watch active/tabs7 neufs,Rabat,Prix non specifié,13:30
IPHONE 12 PRO MAX À AA GUÉÉLIZ,Marrakech,1 599 ,13 Janvier
huawei nova 7 256g 8g RAM 5G,Marrakech,3 000 ,12 Janvier
Iphone 13 Pro Max À Bouznikaki,Bouznika,1 799 ,12 Janvier
Iphone 13 Pro Max À A Agdal,Rabat,1 799 ,11 Janvier
iphone 13 pro max à aa maaaaaarif,Casablanca,1 799 ,11 Janvier
iPhone 7 32gb,Agadir,1 300 ,09 Janvier
iphone 13 pro max à a toute la ville,Béni Mellal,1 799 ,08 Janvier
iphone 13 pro max à el jadida,El Jadida,1 799 ,08 Janvier
Iphone 12 Pro Max À Casablanca,Casablanca,1 599 ,08 Janvier
iphone 13 pro max à ,Safi,1 799 ,08 Janvier
iPhone 7 à vendre bon état,Salé,1 200 ,06 Janvier
IPHONE 12 PRO MAX À AA CENTRE VILLE,Casablanca,1 599 ,06 Janvier
iPhone 7 ,Rabat,5 000 ,31 Décembre
IPHONE ,Béni Mellal,1 400 ,28 Décembre
iPhone 7 32g ,Casablanca,1 200 ,27 Décembre
Iphone 7 a vendre,Casablanca,1 000 ,17 Décembre
iPhone 7 à 1660 dh,Mohammedia,1 660 ,08 Décembre
Iphone 7 à vendre pour pièces ,Rabat,450 ,07 Décembre
iphone 7,Béni Mellal,1 600 ,05 Décembre
iphone 7 à vendre,Meknès,1 500 ,03 Décembre
smartwatch,Rabat,500 ,01 Décembre
iPhone 7 à vendre très bon état,Meknès,1 000 ,30 Novembre
iPhone 7 à vendre 128 go ,Marrakech,1 500 ,30 Novembre
Iphone 7 ,Agadir,1 400 ,28 Novembre
iphone 7 normal ,Casablanca,850 ,22 Novembre
iphone 7 128 Gb,El Jadida,1 600 ,22 Novembre
Xiaomi Redmi Note 8 Pro,Fès,2 000 ,09 Novembre
iphone 7 plus à vendre,Casablanca,1 750 ,27 Octobre
Iphone a vendre,Agadir,2 300 ,24 Octobre
Iphone 7 à vendre,Mohammedia,1 600 ,17 Octobre
iPhone 7 Plus 32GB,Agadir,2 100 ,12 Octobre
iPhone 7 Plus 128GB,Agadir,2 400 ,12 Octobre
Samsung s10 s10 plus 128G 8 ram état 9 livraison ,Kénitra,Prix non specifié,06 Octobre
iPhone 7 Plus à vendre,Fès,1 900 ,01 Octobre
Samsung galaxy watch 4 44mm,Casablanca,2 400 ,18:06
Iphone 12 pro max/12 pro/watch active/tabs7 neufs,Rabat,Prix non specifié,13:30
Watch GT2/Tab S7/iphone 13/note 20 ultra neufs,Casablanca,Prix non specifié,12:00
IPHONE 12 PRO MAX À AA GUÉÉLIZ,Marrakech,1 599 ,13 Janvier
Iphone 13 Pro Max À Bouznikaki,Bouznika,1 799 ,12 Janvier
iphone 8 plus,El Jadida,3 100 ,11 Janvier
IPHONE 8 64 G à vendre,Tanger,2 200 ,11 Janvier
Iphone 13 Pro Max À A Agdal,Rabat,1 799 ,11 Janvier
iphone 13 pro max à aa maaaaaarif,Casablanca,1 799 ,11 Janvier
iphone 13 pro max à a toute la ville,Béni Mellal,1 799 ,08 Janvier
iphone 13 pro max à el jadida,El Jadida,1 799 ,08 Janvier
Iphone 12 Pro Max À Casablanca,Casablanca,1 599 ,08 Janvier
iphone 13 pro max à ,Safi,1 799 ,08 Janvier
IPHONE 12 PRO MAX À AA CENTRE VILLE,Casablanca,1 599 ,06 Janvier
samsung galaxy m12 4gb 128gb,Casablanca,1 700 ,05 Janvier
Samsung galaxy S20 plus 128go-8go,Casablanca,5 999 ,05 Janvier
Samsung galaxy S20 Ultra 256go-12go,Casablanca,8 500 ,01 Janvier
Samsung Galaxy A12 128-4go,Casablanca,1 650 ,27 Décembre
Samsung galaxy S21 5G 256-8go,Casablanca,7 100 ,27 Décembre
iphone 8 plus ,Oujda,Prix non specifié,26 Décembre
Samsung Galaxy A72 256/8Go,Casablanca,4 300 ,21 Décembre
Oppo A9 2020 à vendre ,Casablanca,1 900 ,05 Décembre
À vendre,Rabat,1 900 ,04 Décembre
smartwatch,Rabat,500 ,01 Décembre
Samsung Galaxy A03s 64Go 4Go RAM,Casablanca,1 399 ,26 Novembre
Xiaomi Mi 10T 128/8 GB neuf avec carton,Fès,3 000 ,18 Novembre
Oppo A92,Oujda,1 700 ,15 Novembre
Iphone 8 plus à vendre ,Fès,4 000 ,12 Novembre
iPhone 8 64 Gb comme Neuf,Mohammedia,2 000 ,10 Novembre
Huawei P30 à vendre ,Casablanca,4 200 ,10 Novembre
Xiaomi Redmi Note 8 Pro,Fès,2 000 ,09 Novembre
Xiaomi Redmi Note 8 Pro ,Fès,2 000 ,09 Novembre
xiaomi à vendre bon état ,Casablanca,2 900 ,18 Octobre
Iphone 8 à vendre,Marrakech,1 300 ,17 Octobre
Téléphone bon état 8 Ram 64 Mp ,Casablanca,2 200 ,07 Octobre
Samsung galaxy watch 4 44mm,Casablanca,2 400 ,18:06
MacBook PRO/Apple watch 3/série 5 et série 6 neufs,Temara,Prix non specifié,15:46
Iphone 12 pro max/12 pro/watch active/tabs7 neufs,Rabat,Prix non specifié,13:30
Watch GT2/Tab S7/iphone 13/note 20 ultra neufs,Casablanca,Prix non specifié,12:00
Redmi 9 à vendre,Tétouan,1 300 ,08 Janvier
samsung galaxy m12 4gb 128gb,Casablanca,1 700 ,05 Janvier
Samsung galaxy S20 plus 128go-8go,Casablanca,5 999 ,05 Janvier
mi 9 à vendre 1300 Dh ,Tanger,Prix non specifié,01 Janvier
Samsung galaxy S20 Ultra 256go-12go,Casablanca,8 500 ,01 Janvier
Samsung Galaxy A12 128-4go,Casablanca,1 650 ,27 Décembre
Samsung galaxy S21 5G 256-8go,Casablanca,7 100 ,27 Décembre
Samsung Galaxy A72 256/8Go,Casablanca,4 300 ,21 Décembre
Note20 ultra à vendre,Ben Ahmed,7 500 ,13 Décembre
Xiaomi redmi 9 à vendre,Casablanca,1 300 ,06 Décembre
Oppo 9 2020,Tanger,1 800 ,05 Décembre
smartwatch,Rabat,500 ,01 Décembre
Samsung Galaxy A03s 64Go 4Go RAM,Casablanca,1 399 ,26 Novembre
redmi note 9 pro ,Berrechid,2 000 ,20 Novembre
Note 9 à vendre ,Casablanca,Prix non specifié,11 Novembre
INFINIX HOT 9 PLAY,Al Hoceïma,1 300 ,20 Octobre
Des cartes mère à vendre ,Casablanca,350 ,07 Octobre
Samsung s10 s10 plus 128G 8 ram état 9 livraison ,Kénitra,Prix non specifié,06 Octobre
redmi 9 bon état ,Sefrou,1 300 ,05 Septembre
SAMSUNG S9 NOIR 64 Go avec Carte SD 16 Go,Casablanca,1 600 ,24 Août
GO PRO 9 À VEBDRE,Casablanca,5 000 ,22 Août
redme 9 ,Marrakech,1 400 ,07 Août
Samsung galaxy watch 4 44mm,Casablanca,2 400 ,18:06
MacBook PRO/Apple watch 3/série 5 et série 6 neufs,Temara,Prix non specifié,15:46
Iphone 12 pro max/12 pro/watch active/tabs7 neufs,Rabat,Prix non specifié,13:30
Watch GT2/Tab S7/iphone 13/note 20 ultra neufs,Casablanca,Prix non specifié,12:00
oppo F9 a vendre,Casablanca,1 200 ,12 Janvier
samsung galaxy m12 4gb 128gb,Casablanca,1 700 ,05 Janvier
Samsung galaxy S20 plus 128go-8go,Casablanca,5 999 ,05 Janvier
note10 lite à vendre,Rabat,3 200 ,04 Janvier
Samsung galaxy S20 Ultra 256go-12go,Casablanca,8 500 ,01 Janvier
Téléphone à vendre un smartphone Huawei Y6P,Agadir,900 ,28 Décembre
Samsung Galaxy A12 128-4go,Casablanca,1 650 ,27 Décembre
Samsung galaxy S21 5G 256-8go,Casablanca,7 100 ,27 Décembre
Samsung Galaxy A72 256/8Go,Casablanca,4 300 ,21 Décembre
Téléphone ,Settat,2 700 ,21 Décembre
xiomi Redmi not 10 128g 4g ram ,El Jadida,1 950 ,19 Décembre
 téléphone à vendre.,Taza,2 750 ,11 Décembre
smartwatch,Rabat,500 ,01 Décembre
Samsung Galaxy A03s 64Go 4Go RAM,Casablanca,1 399 ,26 Novembre
Infinix hot 10 neuf ,Casablanca,1 000 ,29 Octobre
Chargeur induction belkin 10 w,Béni Mellal,300 ,22 Octobre
telephone à vendre ,Biougra,1 000 ,18 Octobre
not 10 à vendre,Fès,1 750 ,13 Octobre
note 10 à vendre,Fès,1 700 ,11 Octobre
Des cartes mère à vendre ,Casablanca,350 ,07 Octobre
note 10 plus ,Agadir,5 300 ,31 Août
Téléphone à vendre,Meknès,1 500 ,27 Août
Note 10 plus américain neuf à vendre,Agadir,9 000 ,19 Août
Infinix Hot 10 Play,Casablanca,1 300 ,17 Août
Huawei Mate 10 Lite,Fès,900 ,06 Août
Xiaomi Mi 10,Casablanca,4 300 ,20 Juin
Xiaomi Redmi Note 10,Casablanca,1 000 ,12 Juin
Apple IPad/Galaxy S20plus/IPhone,Tanger,Prix non specifié,18:30
Samsung galaxy watch 4 44mm,Casablanca,2 400 ,18:06
MacBook PRO/Apple watch 3/série 5 et série 6 neufs,Temara,Prix non specifié,15:46
Watch GT2/Tab S7/iphone 13/note 20 ultra neufs,Casablanca,Prix non specifié,12:00
Iphone 11 ,Casablanca,Prix non specifié,01:32
IPHONE 12 PRO MAX À AA GUÉÉLIZ,Marrakech,1 599 ,13 Janvier
Iphone 13 Pro Max À Bouznikaki,Bouznika,1 799 ,12 Janvier
Iphone 13 Pro Max À A Agdal,Rabat,1 799 ,11 Janvier
iphone 13 pro max à aa maaaaaarif,Casablanca,1 799 ,11 Janvier
iphone 11 à vendre,Rabat,4 999 ,10 Janvier
Téléphone à vendre ,Rabat,1 750 ,08 Janvier
iphone 13 pro max à a toute la ville,Béni Mellal,1 799 ,08 Janvier
iphone 13 pro max à el jadida,El Jadida,1 799 ,08 Janvier
Iphone 12 Pro Max À Casablanca,Casablanca,1 599 ,08 Janvier
iphone 13 pro max à ,Safi,1 799 ,08 Janvier
IPHONE 12 PRO MAX À AA CENTRE VILLE,Casablanca,1 599 ,06 Janvier
samsung galaxy m12 4gb 128gb,Casablanca,1 700 ,05 Janvier
Samsung galaxy S20 plus 128go-8go,Casablanca,5 999 ,05 Janvier
iPhone 11 Pro Max 256 go,Rabat,6 500 ,05 Janvier
Samsung galaxy S20 Ultra 256go-12go,Casablanca,8 500 ,01 Janvier
Iphone 11 64g,El Jadida,5 200 ,31 Décembre
Samsung Galaxy A12 128-4go,Casablanca,1 650 ,27 Décembre
Samsung galaxy S21 5G 256-8go,Casablanca,7 100 ,27 Décembre
iPhone 11 bleu ,Tanger,4 700 ,26 Décembre
Xiaomi 11 mi lite 5g ,Marrakech,3 000 ,24 Décembre
Samsung Galaxy A72 256/8Go,Casablanca,4 300 ,21 Décembre
Iphone 11 en excellent état,Rabat,4 900 ,12 Décembre
iPhone 11 128go,Meknès,5 400 ,09 Décembre
Iphone 11 pro max,Casablanca,6 500 ,06 Décembre
smartwatch,Rabat,500 ,01 Décembre
Iphone 11 Pro Max ,Agadir,7 300 ,29 Novembre
Samsung Galaxy A03s 64Go 4Go RAM,Casablanca,1 399 ,26 Novembre
iPhone 11 128Gb ,Casablanca,4 600 ,20 Novembre
iPhone 11 etat batterie 90 stockage 64g ,Meknès,4 800 ,19 Novembre
iPhone 11 128go couleur mauve ,Casablanca,7 000 ,18 Novembre
Apple IPad/Galaxy S20plus/IPhone,Tanger,Prix non specifié,18:30
Samsung galaxy watch 4 44mm,Casablanca,2 400 ,18:06
MacBook PRO/Apple watch 3/série 5 et série 6 neufs,Temara,Prix non specifié,15:46
Iphone 12 pro max/12 pro/watch active/tabs7 neufs,Rabat,Prix non specifié,13:30
Watch GT2/Tab S7/iphone 13/note 20 ultra neufs,Casablanca,Prix non specifié,12:00
iphone 12 pro max ,Casablanca,15 500 ,13 Janvier
IPHONE 12 PRO MAX À AA GUÉÉLIZ,Marrakech,1 599 ,13 Janvier
Iphone 13 Pro Max À Bouznikaki,Bouznika,1 799 ,12 Janvier
Iphone 13 Pro Max À A Agdal,Rabat,1 799 ,11 Janvier
iphone 13 pro max à aa maaaaaarif,Casablanca,1 799 ,11 Janvier
Iphone 12 mini à vendre,Casablanca,5 300 ,08 Janvier
iphone 13 pro max à a toute la ville,Béni Mellal,1 799 ,08 Janvier
iphone 13 pro max à el jadida,El Jadida,1 799 ,08 Janvier
Iphone 12 Pro Max À Casablanca,Casablanca,1 599 ,08 Janvier
iphone 13 pro max à ,Safi,1 799 ,08 Janvier
IPHONE 12 PRO MAX À AA CENTRE VILLE,Casablanca,1 599 ,06 Janvier
samsung galaxy m12 4gb 128gb,Casablanca,1 700 ,05 Janvier
Samsung galaxy S20 plus 128go-8go,Casablanca,5 999 ,05 Janvier
iPhone 12 pro,Marrakech,8 800 ,02 Janvier
Samsung galaxy S20 Ultra 256go-12go,Casablanca,8 500 ,01 Janvier
Samsung Galaxy A12 128-4go,Casablanca,1 650 ,27 Décembre
Samsung galaxy S21 5G 256-8go,Casablanca,7 100 ,27 Décembre
Samsung Galaxy A72 256/8Go,Casablanca,4 300 ,21 Décembre
IPhone 12,Rabat,6 800 ,14 Décembre
IPhone 12 pro à vendre ,Marrakech,10 700 ,12 Décembre
I phone 12 pro à vendre ,Casablanca,11 000 ,02 Décembre
smartwatch,Rabat,500 ,01 Décembre
Samsung Galaxy A03s 64Go 4Go RAM,Casablanca,1 399 ,26 Novembre
iPhone 12 Pro Max ,Mohammedia,8 500 ,20 Novembre
iphone 12 pro max,Rabat,2 000 ,09 Novembre
iPhone 12 Pro à vendre encore neuf utilisé 3 mois ,El Jadida,9 100 ,07 Novembre
iphone 11. 11 pro. 12,Béni Mellal,6 700 ,17 Octobre
Iphone 12 mini 128 GB neuf à vendre ,Agadir,7 100 ,12 Octobre
iPhone 12 128GB & pochette a vendre ,Tétouan,8 200 ,02 Octobre
iphone12,Meknès,Prix non specifié,28 Septembre
Samsung galaxy watch 4 44mm,Casablanca,2 400 ,18:06
MacBook PRO/Apple watch 3/série 5 et série 6 neufs,Temara,Prix non specifié,15:46
Watch GT2/Tab S7/iphone 13/note 20 ultra neufs,Casablanca,Prix non specifié,12:00
Iphone 13 normal 256 G bleu et noir neuf ,Kénitra,Prix non specifié,13 Janvier
Iphone 13 Pro Max À Bouznikaki,Bouznika,1 799 ,12 Janvier
Iphone 13 Pro Max À A Agdal,Rabat,1 799 ,11 Janvier
iphone 13 pro max à aa maaaaaarif,Casablanca,1 799 ,11 Janvier
iphone 13 pro max à a toute la ville,Béni Mellal,1 799 ,08 Janvier
iphone 13 pro max à el jadida,El Jadida,1 799 ,08 Janvier
iphone 13 pro max à ,Safi,1 799 ,08 Janvier
iPhone 13 neuf emballé et jamais utilisé ,Marrakech,10 500 ,06 Janvier
samsung galaxy m12 4gb 128gb,Casablanca,1 700 ,05 Janvier
Samsung galaxy S20 plus 128go-8go,Casablanca,5 999 ,05 Janvier
Samsung galaxy S20 Ultra 256go-12go,Casablanca,8 500 ,01 Janvier
Samsung Galaxy A12 128-4go,Casablanca,1 650 ,27 Décembre
Samsung galaxy S21 5G 256-8go,Casablanca,7 100 ,27 Décembre
Samsung Galaxy A72 256/8Go,Casablanca,4 300 ,21 Décembre
Iphone 13 pro Gold 256 G neuf ,Kénitra,Prix non specifié,09 Décembre
smartwatch,Rabat,500 ,01 Décembre
Iphone 13 & Iphone 13 mini,Rabat,Prix non specifié,28 Novembre
Samsung Galaxy A03s 64Go 4Go RAM,Casablanca,1 399 ,26 Novembre
iPhone 13 RED neuf ,Casablanca,Prix non specifié,11 Novembre
Iphone 13 256 G neuf boîte fermé ,Kénitra,Prix non specifié,10 Novembre
Iphone 13 ,Casablanca,Prix non specifié,08 Novembre
Des iphones 13 pro max 128 gb ,Marrakech,15 700 ,18 Octobre
13 Pro Max,Casablanca,16 500 ,10 Octobre
iphone 13 pro Max 128 G 256G neuf ,Kénitra,Prix non specifié,02 Octobre
Iphone 13 pro max ,Casablanca,22 000 ,29 Septembre
À vendre iPhone 13 Pro,Marrakech,15 000 ,26 Septembre
Samsung galaxy watch 4 44mm,Casablanca,2 400 ,18:06
MacBook PRO/Apple watch 3/série 5 et série 6 neufs,Temara,Prix non specifié,15:46
Iphone 12 pro max/12 pro/watch active/tabs7 neufs,Rabat,Prix non specifié,13:30
Watch GT2/Tab S7/iphone 13/note 20 ultra neufs,Casablanca,Prix non specifié,12:00
samsung galaxy m12 4gb 128gb,Casablanca,1 700 ,05 Janvier
Samsung galaxy S20 plus 128go-8go,Casablanca,5 999 ,05 Janvier
Samsung galaxy S20 Ultra 256go-12go,Casablanca,8 500 ,01 Janvier
Samsung Galaxy A12 128-4go,Casablanca,1 650 ,27 Décembre
Samsung galaxy S21 5G 256-8go,Casablanca,7 100 ,27 Décembre
Samsung Galaxy A72 256/8Go,Casablanca,4 300 ,21 Décembre
smartwatch,Rabat,500 ,01 Décembre
Samsung Galaxy A03s 64Go 4Go RAM,Casablanca,1 399 ,26 Novembre
Vivo y15 à vendre ,Meknès,1 200 ,13 Août
Samsung galaxy watch 4 44mm,Casablanca,2 400 ,18:06
MacBook PRO/Apple watch 3/série 5 et série 6 neufs,Temara,Prix non specifié,15:46
Iphone 12 pro max/12 pro/watch active/tabs7 neufs,Rabat,Prix non specifié,13:30
IPHONE 12 PRO MAX À AA GUÉÉLIZ,Marrakech,1 599 ,13 Janvier
Iphone 13 Pro Max À Bouznikaki,Bouznika,1 799 ,12 Janvier
Iphone 13 Pro Max À A Agdal,Rabat,1 799 ,11 Janvier
iphone 13 pro max à aa maaaaaarif,Casablanca,1 799 ,11 Janvier
iphone 13 pro max à a toute la ville,Béni Mellal,1 799 ,08 Janvier
iphone 13 pro max à el jadida,El Jadida,1 799 ,08 Janvier
Iphone 12 Pro Max À Casablanca,Casablanca,1 599 ,08 Janvier
iphone 13 pro max à ,Safi,1 799 ,08 Janvier
Infinix Note 2 X600,Casablanca,700 ,08 Janvier
IPHONE 12 PRO MAX À AA CENTRE VILLE,Casablanca,1 599 ,06 Janvier
samsung galaxy m12 4gb 128gb,Casablanca,1 700 ,05 Janvier
Samsung galaxy S20 plus 128go-8go,Casablanca,5 999 ,05 Janvier
Samsung galaxy S20 Ultra 256go-12go,Casablanca,8 500 ,01 Janvier
Samsung Galaxy A12 128-4go,Casablanca,1 650 ,27 Décembre
Samsung galaxy S21 5G 256-8go,Casablanca,7 100 ,27 Décembre
Samsung Galaxy A72 256/8Go,Casablanca,4 300 ,21 Décembre
Samsung Galaxy A03s 64Go 4Go RAM,Casablanca,1 399 ,26 Novembre
SAMSUNG S9 NOIR 64 Go avec Carte SD 16 Go,Casablanca,1 600 ,24 Août
Samsung Galaxy J5 6 en très bon état,Casablanca,550 ,22 Août
Iphone 7 à vendre très propre ,Oujda,1 000 ,13 Août
Samsung A40 à vendre ,Kénitra,1 350 ,09 Août
17 iphones non testés à vendre,Marrakech,5 500 ,12 Août
titre,ville,prix,date
Infinix Note 2 X600,Casablanca,700 ,08 Janvier
Iphone 13 pro Gold 256 G neuf ,Kénitra,Prix non specifié,09 Décembre
smartwatch,Rabat,500 ,01 Décembre
iPhone 11 128Go à vendre,Casablanca,6 300 ,16 Novembre
téléphone à vendre ,Rabat,1 200 ,03 Novembre
nokia 1 à vendre,Temara,600 ,30 Octobre
téléphones à vendre pour pièces,Oujda,800 ,20 Octobre
Iphone 12 mini 128 GB neuf à vendre ,Agadir,7 100 ,12 Octobre
Des cartes mère à vendre ,Casablanca,350 ,07 Octobre
smartphones Xiaomi à vendre,Mohammedia,1 100 ,09 Septembre
télé à vendre 1 er main ,Salé,Prix non specifié,03 Septembre
SAMSUNG S9 NOIR 64 Go avec Carte SD 16 Go,Casablanca,1 600 ,24 Août
Huawei ,Salé,300 ,18 Août
17 iphones non testés à vendre,Marrakech,5 500 ,12 Août
Samsung neuf bon prix ,Rabat,6 000 ,09 Août
Samsung A40 ,Kénitra,1 350 ,09 Août
Samsung A40 à vendre ,Kénitra,1 350 ,09 Août
samsung A02 S neuf plastifié garantie 1ans,Oujda,1 350 ,22 Juin
Iphone 11 pro 128 G en bonne etat,Casablanca,7 000 ,21 Juin
Offre à ne pas rater oppo a3s 16GB 2gb ram 1000dh,Casablanca,1 000 ,17 Juin
Samsung galaxy watch 4 44mm,Casablanca,2 400 ,18:06
MacBook PRO/Apple watch 3/série 5 et série 6 neufs,Temara,Prix non specifié,15:46
Iphone 12 pro max/12 pro/watch active/tabs7 neufs,Rabat,Prix non specifié,13:30
Watch GT2/Tab S7/iphone 13/note 20 ultra neufs,Casablanca,Prix non specifié,12:00
oppo F9 a vendre,Casablanca,1 200 ,12 Janvier
band 3,El Jadida,200 ,09 Janvier
Redmi 9 à vendre,Tétouan,1 300 ,08 Janvier
Infinix Note 2 X600,Casablanca,700 ,08 Janvier
samsung galaxy m12 4gb 128gb,Casablanca,1 700 ,05 Janvier
Samsung galaxy S20 plus 128go-8go,Casablanca,5 999 ,05 Janvier
Nokia Huawei,Temara,Prix non specifié,05 Janvier
Samsung galaxy S20 Ultra 256go-12go,Casablanca,8 500 ,01 Janvier
IPhone 6 128 Go ,Rabat,4 000 ,31 Décembre
Samsung Galaxy A12 128-4go,Casablanca,1 650 ,27 Décembre
Samsung galaxy S21 5G 256-8go,Casablanca,7 100 ,27 Décembre
Samsang A10s 32 giga,Kénitra,Prix non specifié,24 Décembre
Samsung Galaxy A72 256/8Go,Casablanca,4 300 ,21 Décembre
Téléphone ,Settat,2 700 ,21 Décembre
deux téléphone à vendre,Casablanca,300 ,12 Décembre
Samsung à vendre ,Casablanca,900 ,07 Décembre
Tecno spark 2 à vendre,Marrakech,500 ,03 Décembre
smartwatch,Rabat,500 ,01 Décembre
Samsung Galaxy A03s 64Go 4Go RAM,Casablanca,1 399 ,26 Novembre
Vitrine à vendre,Mehdia,1 400 ,21 Novembre
Xiaomi Mi 10T 128/8 GB neuf avec carton,Fès,3 000 ,18 Novembre
2 téléphone à vendre en très bon état ,Rabat,Prix non specifié,17 Novembre
Samsung S7 edge,Mohammedia,1 050 ,27 Octobre
Montre connectée,Casablanca,270 ,20 Octobre
téléphones à vendre pour pièces,Oujda,800 ,20 Octobre
Iphone XR à vendre ,Casablanca,4 600 ,10 Octobre
Téléphone portable à vendre,Casablanca,700 ,06 Octobre
À vendre iPhone 13 Pro,Marrakech,15 000 ,26 Septembre
Apple Watch série 6 à vendre ,Marrakech,4 000 ,24 Septembre
amazfit gts 2 mini,Rabat,1 200 ,22 Septembre
iPhone 6s Plus et iPad 2 à vendre ,Bouznika,2 000 ,17 Septembre
Apple IPad/Galaxy S20plus/IPhone,Tanger,Prix non specifié,18:30
Samsung galaxy watch 4 44mm,Casablanca,2 400 ,18:06
MacBook PRO/Apple watch 3/série 5 et série 6 neufs,Temara,Prix non specifié,15:46
Iphone 12 pro max/12 pro/watch active/tabs7 neufs,Rabat,Prix non specifié,13:30
Watch GT2/Tab S7/iphone 13/note 20 ultra neufs,Casablanca,Prix non specifié,12:00
band 3,El Jadida,200 ,09 Janvier
iphone 13 pro max à el jadida,El Jadida,1 799 ,08 Janvier
Iphone 12 Pro Max À Casablanca,Casablanca,1 599 ,08 Janvier
Infinix Note 2 X600,Casablanca,700 ,08 Janvier
IPHONE 12 PRO MAX À AA CENTRE VILLE,Casablanca,1 599 ,06 Janvier
samsung galaxy m12 4gb 128gb,Casablanca,1 700 ,05 Janvier
Samsung galaxy S20 plus 128go-8go,Casablanca,5 999 ,05 Janvier
Samsung Z fold 3 noir (neuf),Casablanca,11 500 ,04 Janvier
Samsung galaxy S20 Ultra 256go-12go,Casablanca,8 500 ,01 Janvier
Téléphone à vendre un smartphone Huawei Y6P,Agadir,900 ,28 Décembre
Samsung Galaxy A12 128-4go,Casablanca,1 650 ,27 Décembre
Samsung galaxy S21 5G 256-8go,Casablanca,7 100 ,27 Décembre
Samsung Galaxy A72 256/8Go,Casablanca,4 300 ,21 Décembre
Note20 ultra à vendre,Ben Ahmed,7 500 ,13 Décembre
Appareil téléphonique,Kénitra,Prix non specifié,12 Décembre
Samsung S20 plus à vendre,Casablanca,5 500 ,07 Décembre
smartwatch,Rabat,500 ,01 Décembre
Huawei p smart ,El Jadida,800 ,27 Novembre
Samsung Galaxy A03s 64Go 4Go RAM,Casablanca,1 399 ,26 Novembre
sumsung A71 ,Casablanca,Prix non specifié,24 Novembre
Xiaomi Mi 10T 128/8 GB neuf avec carton,Fès,3 000 ,18 Novembre
Samsung galaxy Z Fold 3 5G,Benslimane,14 500 ,15 Novembre
Xiaomi Redmi Note 8 Pro,Fès,2 000 ,09 Novembre
Xiaomi Redmi Note 8 Pro ,Fès,2 000 ,09 Novembre
iPhone 12 Pro à vendre encore neuf utilisé 3 mois ,El Jadida,9 100 ,07 Novembre
téléphones à vendre pour pièces,Oujda,800 ,20 Octobre
telefone hwawi,Mohammedia,800 ,17 Octobre
13 Pro Max,Casablanca,16 500 ,10 Octobre
Des cartes mère à vendre ,Casablanca,350 ,07 Octobre
telephone SUMSUNG J7 PRO comme neuf à vendre,Tanger,900 ,03 Octobre
Samsung galaxy watch 4 44mm,Casablanca,2 400 ,18:06
MacBook PRO/Apple watch 3/série 5 et série 6 neufs,Temara,Prix non specifié,15:46
Iphone 12 pro max/12 pro/watch active/tabs7 neufs,Rabat,Prix non specifié,13:30
Watch GT2/Tab S7/iphone 13/note 20 ultra neufs,Casablanca,Prix non specifié,12:00
Samsung A30 ,Mohammedia,1 200 ,10 Janvier
samsung galaxy m12 4gb 128gb,Casablanca,1 700 ,05 Janvier
Samsung galaxy S20 plus 128go-8go,Casablanca,5 999 ,05 Janvier
Samsung galaxy S20 Ultra 256go-12go,Casablanca,8 500 ,01 Janvier
iPhone 7 ,Rabat,5 000 ,31 Décembre
Samsung Galaxy A12 128-4go,Casablanca,1 650 ,27 Décembre
Samsung galaxy S21 5G 256-8go,Casablanca,7 100 ,27 Décembre
Samsung Galaxy A72 256/8Go,Casablanca,4 300 ,21 Décembre
Zenfone 4 à vendre,Fès,2 000 ,17 Décembre
tablette samsung à vendre ,Casablanca,800 ,08 Décembre
SAMSUNG GALAXY A31 128Go/4Go,Casablanca,1 600 ,05 Décembre
smartwatch,Rabat,500 ,01 Décembre
montre lokmat à vendre ,Ait Melloul,1 200 ,28 Novembre
Samsung Galaxy A03s 64Go 4Go RAM,Casablanca,1 399 ,26 Novembre
Xiaomi Mi 10T 128/8 GB neuf avec carton,Fès,3 000 ,18 Novembre
huawei à vendre,Casablanca,1 400 ,27 Octobre
telephone à vendre ,Biougra,1 000 ,18 Octobre
téléphone à vendre,Casablanca,1 500 ,05 Octobre
téléphone à vendre ,Casablanca,1 500 ,05 Octobre
Redmi note 8 en bon état ,El Jadida,1 350 ,04 Octobre
téléphone ,Casablanca,600 ,24 Septembre
 note4,Salé,1 200 ,23 Septembre
J’ai 4 iPhone À vendre,Oujda,Prix non specifié,04 Septembre
télé à vendre 1 er main ,Salé,Prix non specifié,03 Septembre
Infinix note 4 pro à vendre,Sefrou,1 000 ,27 Août
Redmi note 8 ,El Jadida,1 250 ,22 Août
17 iphones non testés à vendre,Marrakech,5 500 ,12 Août
redme 9 ,Marrakech,1 400 ,07 Août
Pc portable à vendre ,Settat,3 000 ,28 Juillet
Xiaomi Redmi note 9s à vendre prix négociable,Youssoufia,2 100 ,25 Juillet
Tecno Spark 7 pro,Casablanca,Prix non specifié,24 Juillet
lot des cartes mères,Meknès,Prix non specifié,20:59
MacBook PRO/Apple watch 3/série 5 et série 6 neufs,Temara,Prix non specifié,15:46
Watch GT2/Tab S7/iphone 13/note 20 ultra neufs,Casablanca,Prix non specifié,12:00
iphone 13 pro max à el jadida,El Jadida,1 799 ,08 Janvier
Iphone 12 Pro Max À Casablanca,Casablanca,1 599 ,08 Janvier
IPHONE 12 PRO MAX À AA CENTRE VILLE,Casablanca,1 599 ,06 Janvier
smartwatch,Rabat,500 ,01 Décembre
Infinix zéro 5 pro,Ratba,1 000 ,29 Novembre
iPhone 11 128go couleur mauve ,Casablanca,7 000 ,18 Novembre
iPhone 5,Salé,650 ,31 Octobre
iphone 5 en vente,Ksar el-Kebir,400 ,25 Octobre
téléphones à vendre pour pièces,Oujda,800 ,20 Octobre
Téléphone à vendre ,Fès,1 300 ,05 Octobre
Samsung A40 à vendre ,Kénitra,1 350 ,09 Août
iPhone 5 très bon état ,Rabat,400 ,07 Août
iPhone 5 à vendre,Agadir,600 ,02 Juillet
Samsung galaxy watch 4 44mm,Casablanca,2 400 ,18:06
MacBook PRO/Apple watch 3/série 5 et série 6 neufs,Temara,Prix non specifié,15:46
Iphone 12 pro max/12 pro/watch active/tabs7 neufs,Rabat,Prix non specifié,13:30
Watch GT2/Tab S7/iphone 13/note 20 ultra neufs,Casablanca,Prix non specifié,12:00
samsung galaxy m12 4gb 128gb,Casablanca,1 700 ,05 Janvier
Samsung galaxy S20 plus 128go-8go,Casablanca,5 999 ,05 Janvier
Samsung galaxy S20 Ultra 256go-12go,Casablanca,8 500 ,01 Janvier
IPhone 6 128 Go ,Rabat,4 000 ,31 Décembre
iphone 6 à vendre,Casablanca,750 ,28 Décembre
iphone 6 à vendre,Casablanca,750 ,28 Décembre
Samsung Galaxy A12 128-4go,Casablanca,1 650 ,27 Décembre
Samsung galaxy S21 5G 256-8go,Casablanca,7 100 ,27 Décembre
IPhone 6 à vendre,Rabat,1 000 ,23 Décembre
Samsung Galaxy A72 256/8Go,Casablanca,4 300 ,21 Décembre
Écran lcd iPhone 6 Plus,Casablanca,300 ,14 Décembre
Apple Watch série 6 - 44MM,Marrakech,4 700 ,08 Décembre
smartwatch,Rabat,500 ,01 Décembre
Samsung Galaxy A03s 64Go 4Go RAM,Casablanca,1 399 ,26 Novembre
Xiaomi Redmi Note 8 Pro ,Fès,2 000 ,09 Novembre
iPhone 6 Plus GOLD,Marrakech,1 800 ,06 Octobre
Iphone à vendre,Agadir,800 ,01 Octobre
IPhone 6,Marrakech,900 ,28 Septembre
À vendre smartphone ,Casablanca,1 700 ,24 Septembre
Apple Watch série 6 à vendre ,Marrakech,4 000 ,24 Septembre
Iphone 6 gris,Safi,900 ,23 Septembre
Redmi note 8 pro 64 giga ,Fès,1 450 ,15 Septembre
samsung ,Temara,1 800 ,10 Septembre
un Huawei Y9S comme neuf à vendre ,Khouribga,2 000 ,01 Septembre
Samsung G5 6,Casablanca,700 ,28 Août
huawei y9s 128 GB-6R bon etat,Mohammedia,1 800 ,26 Août
Samsung G5 6,Casablanca,700 ,26 Août
Samsung Galaxy J5 6 en très bon état,Casablanca,550 ,22 Août
iPhone 6,Meknès,Prix non specifié,18 Août
iPhone 6 a vendre,Marrakech,700 ,13 Août
17 iphones non testés à vendre,Marrakech,5 500 ,12 Août
Iphone 12 pro max/12 pro/watch active/tabs7 neufs,Rabat,Prix non specifié,13:30
IPHONE 12 PRO MAX À AA GUÉÉLIZ,Marrakech,1 599 ,13 Janvier
huawei nova 7 256g 8g RAM 5G,Marrakech,3 000 ,12 Janvier
Iphone 13 Pro Max À Bouznikaki,Bouznika,1 799 ,12 Janvier
Iphone 13 Pro Max À A Agdal,Rabat,1 799 ,11 Janvier
iphone 13 pro max à aa maaaaaarif,Casablanca,1 799 ,11 Janvier
iPhone 7 32gb,Agadir,1 300 ,09 Janvier
iphone 13 pro max à a toute la ville,Béni Mellal,1 799 ,08 Janvier
iphone 13 pro max à el jadida,El Jadida,1 799 ,08 Janvier
Iphone 12 Pro Max À Casablanca,Casablanca,1 599 ,08 Janvier
iphone 13 pro max à ,Safi,1 799 ,08 Janvier
iPhone 7 à vendre bon état,Salé,1 200 ,06 Janvier
IPHONE 12 PRO MAX À AA CENTRE VILLE,Casablanca,1 599 ,06 Janvier
iPhone 7 ,Rabat,5 000 ,31 Décembre
IPHONE ,Béni Mellal,1 400 ,28 Décembre
iPhone 7 32g ,Casablanca,1 200 ,27 Décembre
Iphone 7 a vendre,Casablanca,1 000 ,17 Décembre
iPhone 7 à 1660 dh,Mohammedia,1 660 ,08 Décembre
Iphone 7 à vendre pour pièces ,Rabat,450 ,07 Décembre
iphone 7,Béni Mellal,1 600 ,05 Décembre
iphone 7 à vendre,Meknès,1 500 ,03 Décembre
smartwatch,Rabat,500 ,01 Décembre
iPhone 7 à vendre très bon état,Meknès,1 000 ,30 Novembre
iPhone 7 à vendre 128 go ,Marrakech,1 500 ,30 Novembre
Iphone 7 ,Agadir,1 400 ,28 Novembre
iphone 7 normal ,Casablanca,850 ,22 Novembre
iphone 7 128 Gb,El Jadida,1 600 ,22 Novembre
Xiaomi Redmi Note 8 Pro,Fès,2 000 ,09 Novembre
iphone 7 plus à vendre,Casablanca,1 750 ,27 Octobre
Iphone a vendre,Agadir,2 300 ,24 Octobre
Iphone 7 à vendre,Mohammedia,1 600 ,17 Octobre
iPhone 7 Plus 32GB,Agadir,2 100 ,12 Octobre
iPhone 7 Plus 128GB,Agadir,2 400 ,12 Octobre
Samsung s10 s10 plus 128G 8 ram état 9 livraison ,Kénitra,Prix non specifié,06 Octobre
iPhone 7 Plus à vendre,Fès,1 900 ,01 Octobre
Samsung galaxy watch 4 44mm,Casablanca,2 400 ,18:06
Iphone 12 pro max/12 pro/watch active/tabs7 neufs,Rabat,Prix non specifié,13:30
Watch GT2/Tab S7/iphone 13/note 20 ultra neufs,Casablanca,Prix non specifié,12:00
IPHONE 12 PRO MAX À AA GUÉÉLIZ,Marrakech,1 599 ,13 Janvier
Iphone 13 Pro Max À Bouznikaki,Bouznika,1 799 ,12 Janvier
iphone 8 plus,El Jadida,3 100 ,11 Janvier
IPHONE 8 64 G à vendre,Tanger,2 200 ,11 Janvier
Iphone 13 Pro Max À A Agdal,Rabat,1 799 ,11 Janvier
iphone 13 pro max à aa maaaaaarif,Casablanca,1 799 ,11 Janvier
iphone 13 pro max à a toute la ville,Béni Mellal,1 799 ,08 Janvier
iphone 13 pro max à el jadida,El Jadida,1 799 ,08 Janvier
Iphone 12 Pro Max À Casablanca,Casablanca,1 599 ,08 Janvier
iphone 13 pro max à ,Safi,1 799 ,08 Janvier
IPHONE 12 PRO MAX À AA CENTRE VILLE,Casablanca,1 599 ,06 Janvier
samsung galaxy m12 4gb 128gb,Casablanca,1 700 ,05 Janvier
Samsung galaxy S20 plus 128go-8go,Casablanca,5 999 ,05 Janvier
Samsung galaxy S20 Ultra 256go-12go,Casablanca,8 500 ,01 Janvier
Samsung Galaxy A12 128-4go,Casablanca,1 650 ,27 Décembre
Samsung galaxy S21 5G 256-8go,Casablanca,7 100 ,27 Décembre
iphone 8 plus ,Oujda,Prix non specifié,26 Décembre
Samsung Galaxy A72 256/8Go,Casablanca,4 300 ,21 Décembre
Oppo A9 2020 à vendre ,Casablanca,1 900 ,05 Décembre
À vendre,Rabat,1 900 ,04 Décembre
smartwatch,Rabat,500 ,01 Décembre
Samsung Galaxy A03s 64Go 4Go RAM,Casablanca,1 399 ,26 Novembre
Xiaomi Mi 10T 128/8 GB neuf avec carton,Fès,3 000 ,18 Novembre
Oppo A92,Oujda,1 700 ,15 Novembre
Iphone 8 plus à vendre ,Fès,4 000 ,12 Novembre
iPhone 8 64 Gb comme Neuf,Mohammedia,2 000 ,10 Novembre
Huawei P30 à vendre ,Casablanca,4 200 ,10 Novembre
Xiaomi Redmi Note 8 Pro,Fès,2 000 ,09 Novembre
Xiaomi Redmi Note 8 Pro ,Fès,2 000 ,09 Novembre
xiaomi à vendre bon état ,Casablanca,2 900 ,18 Octobre
Iphone 8 à vendre,Marrakech,1 300 ,17 Octobre
Téléphone bon état 8 Ram 64 Mp ,Casablanca,2 200 ,07 Octobre
Samsung galaxy watch 4 44mm,Casablanca,2 400 ,18:06
MacBook PRO/Apple watch 3/série 5 et série 6 neufs,Temara,Prix non specifié,15:46
Iphone 12 pro max/12 pro/watch active/tabs7 neufs,Rabat,Prix non specifié,13:30
Watch GT2/Tab S7/iphone 13/note 20 ultra neufs,Casablanca,Prix non specifié,12:00
Redmi 9 à vendre,Tétouan,1 300 ,08 Janvier
samsung galaxy m12 4gb 128gb,Casablanca,1 700 ,05 Janvier
Samsung galaxy S20 plus 128go-8go,Casablanca,5 999 ,05 Janvier
mi 9 à vendre 1300 Dh ,Tanger,Prix non specifié,01 Janvier
Samsung galaxy S20 Ultra 256go-12go,Casablanca,8 500 ,01 Janvier
Samsung Galaxy A12 128-4go,Casablanca,1 650 ,27 Décembre
Samsung galaxy S21 5G 256-8go,Casablanca,7 100 ,27 Décembre
Samsung Galaxy A72 256/8Go,Casablanca,4 300 ,21 Décembre
Note20 ultra à vendre,Ben Ahmed,7 500 ,13 Décembre
Xiaomi redmi 9 à vendre,Casablanca,1 300 ,06 Décembre
Oppo 9 2020,Tanger,1 800 ,05 Décembre
smartwatch,Rabat,500 ,01 Décembre
Samsung Galaxy A03s 64Go 4Go RAM,Casablanca,1 399 ,26 Novembre
redmi note 9 pro ,Berrechid,2 000 ,20 Novembre
Note 9 à vendre ,Casablanca,Prix non specifié,11 Novembre
INFINIX HOT 9 PLAY,Al Hoceïma,1 300 ,20 Octobre
Des cartes mère à vendre ,Casablanca,350 ,07 Octobre
Samsung s10 s10 plus 128G 8 ram état 9 livraison ,Kénitra,Prix non specifié,06 Octobre
redmi 9 bon état ,Sefrou,1 300 ,05 Septembre
SAMSUNG S9 NOIR 64 Go avec Carte SD 16 Go,Casablanca,1 600 ,24 Août
GO PRO 9 À VEBDRE,Casablanca,5 000 ,22 Août
redme 9 ,Marrakech,1 400 ,07 Août
Samsung galaxy watch 4 44mm,Casablanca,2 400 ,18:06
MacBook PRO/Apple watch 3/série 5 et série 6 neufs,Temara,Prix non specifié,15:46
Iphone 12 pro max/12 pro/watch active/tabs7 neufs,Rabat,Prix non specifié,13:30
Watch GT2/Tab S7/iphone 13/note 20 ultra neufs,Casablanca,Prix non specifié,12:00
oppo F9 a vendre,Casablanca,1 200 ,12 Janvier
samsung galaxy m12 4gb 128gb,Casablanca,1 700 ,05 Janvier
Samsung galaxy S20 plus 128go-8go,Casablanca,5 999 ,05 Janvier
note10 lite à vendre,Rabat,3 200 ,04 Janvier
Samsung galaxy S20 Ultra 256go-12go,Casablanca,8 500 ,01 Janvier
Téléphone à vendre un smartphone Huawei Y6P,Agadir,900 ,28 Décembre
Samsung Galaxy A12 128-4go,Casablanca,1 650 ,27 Décembre
Samsung galaxy S21 5G 256-8go,Casablanca,7 100 ,27 Décembre
Samsung Galaxy A72 256/8Go,Casablanca,4 300 ,21 Décembre
Téléphone ,Settat,2 700 ,21 Décembre
xiomi Redmi not 10 128g 4g ram ,El Jadida,1 950 ,19 Décembre
 téléphone à vendre.,Taza,2 750 ,11 Décembre
smartwatch,Rabat,500 ,01 Décembre
Samsung Galaxy A03s 64Go 4Go RAM,Casablanca,1 399 ,26 Novembre
Infinix hot 10 neuf ,Casablanca,1 000 ,29 Octobre
Chargeur induction belkin 10 w,Béni Mellal,300 ,22 Octobre
telephone à vendre ,Biougra,1 000 ,18 Octobre
not 10 à vendre,Fès,1 750 ,13 Octobre
note 10 à vendre,Fès,1 700 ,11 Octobre
Des cartes mère à vendre ,Casablanca,350 ,07 Octobre
note 10 plus ,Agadir,5 300 ,31 Août
Téléphone à vendre,Meknès,1 500 ,27 Août
Note 10 plus américain neuf à vendre,Agadir,9 000 ,19 Août
Infinix Hot 10 Play,Casablanca,1 300 ,17 Août
Huawei Mate 10 Lite,Fès,900 ,06 Août
Xiaomi Mi 10,Casablanca,4 300 ,20 Juin
Xiaomi Redmi Note 10,Casablanca,1 000 ,12 Juin
Apple IPad/Galaxy S20plus/IPhone,Tanger,Prix non specifié,18:30
Samsung galaxy watch 4 44mm,Casablanca,2 400 ,18:06
MacBook PRO/Apple watch 3/série 5 et série 6 neufs,Temara,Prix non specifié,15:46
Watch GT2/Tab S7/iphone 13/note 20 ultra neufs,Casablanca,Prix non specifié,12:00
Iphone 11 ,Casablanca,Prix non specifié,01:32
IPHONE 12 PRO MAX À AA GUÉÉLIZ,Marrakech,1 599 ,13 Janvier
Iphone 13 Pro Max À Bouznikaki,Bouznika,1 799 ,12 Janvier
Iphone 13 Pro Max À A Agdal,Rabat,1 799 ,11 Janvier
iphone 13 pro max à aa maaaaaarif,Casablanca,1 799 ,11 Janvier
iphone 11 à vendre,Rabat,4 999 ,10 Janvier
Téléphone à vendre ,Rabat,1 750 ,08 Janvier
iphone 13 pro max à a toute la ville,Béni Mellal,1 799 ,08 Janvier
iphone 13 pro max à el jadida,El Jadida,1 799 ,08 Janvier
Iphone 12 Pro Max À Casablanca,Casablanca,1 599 ,08 Janvier
iphone 13 pro max à ,Safi,1 799 ,08 Janvier
IPHONE 12 PRO MAX À AA CENTRE VILLE,Casablanca,1 599 ,06 Janvier
samsung galaxy m12 4gb 128gb,Casablanca,1 700 ,05 Janvier
Samsung galaxy S20 plus 128go-8go,Casablanca,5 999 ,05 Janvier
iPhone 11 Pro Max 256 go,Rabat,6 500 ,05 Janvier
Samsung galaxy S20 Ultra 256go-12go,Casablanca,8 500 ,01 Janvier
Iphone 11 64g,El Jadida,5 200 ,31 Décembre
Samsung Galaxy A12 128-4go,Casablanca,1 650 ,27 Décembre
Samsung galaxy S21 5G 256-8go,Casablanca,7 100 ,27 Décembre
iPhone 11 bleu ,Tanger,4 700 ,26 Décembre
Xiaomi 11 mi lite 5g ,Marrakech,3 000 ,24 Décembre
Samsung Galaxy A72 256/8Go,Casablanca,4 300 ,21 Décembre
Iphone 11 en excellent état,Rabat,4 900 ,12 Décembre
iPhone 11 128go,Meknès,5 400 ,09 Décembre
Iphone 11 pro max,Casablanca,6 500 ,06 Décembre
smartwatch,Rabat,500 ,01 Décembre
Iphone 11 Pro Max ,Agadir,7 300 ,29 Novembre
Samsung Galaxy A03s 64Go 4Go RAM,Casablanca,1 399 ,26 Novembre
iPhone 11 128Gb ,Casablanca,4 600 ,20 Novembre
iPhone 11 etat batterie 90 stockage 64g ,Meknès,4 800 ,19 Novembre
iPhone 11 128go couleur mauve ,Casablanca,7 000 ,18 Novembre
Apple IPad/Galaxy S20plus/IPhone,Tanger,Prix non specifié,18:30
Samsung galaxy watch 4 44mm,Casablanca,2 400 ,18:06
MacBook PRO/Apple watch 3/série 5 et série 6 neufs,Temara,Prix non specifié,15:46
Iphone 12 pro max/12 pro/watch active/tabs7 neufs,Rabat,Prix non specifié,13:30
Watch GT2/Tab S7/iphone 13/note 20 ultra neufs,Casablanca,Prix non specifié,12:00
iphone 12 pro max ,Casablanca,15 500 ,13 Janvier
IPHONE 12 PRO MAX À AA GUÉÉLIZ,Marrakech,1 599 ,13 Janvier
Iphone 13 Pro Max À Bouznikaki,Bouznika,1 799 ,12 Janvier
Iphone 13 Pro Max À A Agdal,Rabat,1 799 ,11 Janvier
iphone 13 pro max à aa maaaaaarif,Casablanca,1 799 ,11 Janvier
Iphone 12 mini à vendre,Casablanca,5 300 ,08 Janvier
iphone 13 pro max à a toute la ville,Béni Mellal,1 799 ,08 Janvier
iphone 13 pro max à el jadida,El Jadida,1 799 ,08 Janvier
Iphone 12 Pro Max À Casablanca,Casablanca,1 599 ,08 Janvier
iphone 13 pro max à ,Safi,1 799 ,08 Janvier
IPHONE 12 PRO MAX À AA CENTRE VILLE,Casablanca,1 599 ,06 Janvier
samsung galaxy m12 4gb 128gb,Casablanca,1 700 ,05 Janvier
Samsung galaxy S20 plus 128go-8go,Casablanca,5 999 ,05 Janvier
iPhone 12 pro,Marrakech,8 800 ,02 Janvier
Samsung galaxy S20 Ultra 256go-12go,Casablanca,8 500 ,01 Janvier
Samsung Galaxy A12 128-4go,Casablanca,1 650 ,27 Décembre
Samsung galaxy S21 5G 256-8go,Casablanca,7 100 ,27 Décembre
Samsung Galaxy A72 256/8Go,Casablanca,4 300 ,21 Décembre
IPhone 12,Rabat,6 800 ,14 Décembre
IPhone 12 pro à vendre ,Marrakech,10 700 ,12 Décembre
I phone 12 pro à vendre ,Casablanca,11 000 ,02 Décembre
smartwatch,Rabat,500 ,01 Décembre
Samsung Galaxy A03s 64Go 4Go RAM,Casablanca,1 399 ,26 Novembre
iPhone 12 Pro Max ,Mohammedia,8 500 ,20 Novembre
iphone 12 pro max,Rabat,2 000 ,09 Novembre
iPhone 12 Pro à vendre encore neuf utilisé 3 mois ,El Jadida,9 100 ,07 Novembre
iphone 11. 11 pro. 12,Béni Mellal,6 700 ,17 Octobre
Iphone 12 mini 128 GB neuf à vendre ,Agadir,7 100 ,12 Octobre
iPhone 12 128GB & pochette a vendre ,Tétouan,8 200 ,02 Octobre
iphone12,Meknès,Prix non specifié,28 Septembre
Samsung galaxy watch 4 44mm,Casablanca,2 400 ,18:06
MacBook PRO/Apple watch 3/série 5 et série 6 neufs,Temara,Prix non specifié,15:46
Watch GT2/Tab S7/iphone 13/note 20 ultra neufs,Casablanca,Prix non specifié,12:00
Iphone 13 normal 256 G bleu et noir neuf ,Kénitra,Prix non specifié,13 Janvier
Iphone 13 Pro Max À Bouznikaki,Bouznika,1 799 ,12 Janvier
Iphone 13 Pro Max À A Agdal,Rabat,1 799 ,11 Janvier
iphone 13 pro max à aa maaaaaarif,Casablanca,1 799 ,11 Janvier
iphone 13 pro max à a toute la ville,Béni Mellal,1 799 ,08 Janvier
iphone 13 pro max à el jadida,El Jadida,1 799 ,08 Janvier
iphone 13 pro max à ,Safi,1 799 ,08 Janvier
iPhone 13 neuf emballé et jamais utilisé ,Marrakech,10 500 ,06 Janvier
samsung galaxy m12 4gb 128gb,Casablanca,1 700 ,05 Janvier
Samsung galaxy S20 plus 128go-8go,Casablanca,5 999 ,05 Janvier
Samsung galaxy S20 Ultra 256go-12go,Casablanca,8 500 ,01 Janvier
Samsung Galaxy A12 128-4go,Casablanca,1 650 ,27 Décembre
Samsung galaxy S21 5G 256-8go,Casablanca,7 100 ,27 Décembre
Samsung Galaxy A72 256/8Go,Casablanca,4 300 ,21 Décembre
Iphone 13 pro Gold 256 G neuf ,Kénitra,Prix non specifié,09 Décembre
smartwatch,Rabat,500 ,01 Décembre
Iphone 13 & Iphone 13 mini,Rabat,Prix non specifié,28 Novembre
Samsung Galaxy A03s 64Go 4Go RAM,Casablanca,1 399 ,26 Novembre
iPhone 13 RED neuf ,Casablanca,Prix non specifié,11 Novembre
Iphone 13 256 G neuf boîte fermé ,Kénitra,Prix non specifié,10 Novembre
Iphone 13 ,Casablanca,Prix non specifié,08 Novembre
Des iphones 13 pro max 128 gb ,Marrakech,15 700 ,18 Octobre
13 Pro Max,Casablanca,16 500 ,10 Octobre
iphone 13 pro Max 128 G 256G neuf ,Kénitra,Prix non specifié,02 Octobre
Iphone 13 pro max ,Casablanca,22 000 ,29 Septembre
À vendre iPhone 13 Pro,Marrakech,15 000 ,26 Septembre
Samsung galaxy watch 4 44mm,Casablanca,2 400 ,18:06
MacBook PRO/Apple watch 3/série 5 et série 6 neufs,Temara,Prix non specifié,15:46
Iphone 12 pro max/12 pro/watch active/tabs7 neufs,Rabat,Prix non specifié,13:30
Watch GT2/Tab S7/iphone 13/note 20 ultra neufs,Casablanca,Prix non specifié,12:00
samsung galaxy m12 4gb 128gb,Casablanca,1 700 ,05 Janvier
Samsung galaxy S20 plus 128go-8go,Casablanca,5 999 ,05 Janvier
Samsung galaxy S20 Ultra 256go-12go,Casablanca,8 500 ,01 Janvier
Samsung Galaxy A12 128-4go,Casablanca,1 650 ,27 Décembre
Samsung galaxy S21 5G 256-8go,Casablanca,7 100 ,27 Décembre
Samsung Galaxy A72 256/8Go,Casablanca,4 300 ,21 Décembre
smartwatch,Rabat,500 ,01 Décembre
Samsung Galaxy A03s 64Go 4Go RAM,Casablanca,1 399 ,26 Novembre
Vivo y15 à vendre ,Meknès,1 200 ,13 Août
Samsung galaxy watch 4 44mm,Casablanca,2 400 ,18:06
MacBook PRO/Apple watch 3/série 5 et série 6 neufs,Temara,Prix non specifié,15:46
Iphone 12 pro max/12 pro/watch active/tabs7 neufs,Rabat,Prix non specifié,13:30
IPHONE 12 PRO MAX À AA GUÉÉLIZ,Marrakech,1 599 ,13 Janvier
Iphone 13 Pro Max À Bouznikaki,Bouznika,1 799 ,12 Janvier
Iphone 13 Pro Max À A Agdal,Rabat,1 799 ,11 Janvier
iphone 13 pro max à aa maaaaaarif,Casablanca,1 799 ,11 Janvier
iphone 13 pro max à a toute la ville,Béni Mellal,1 799 ,08 Janvier
iphone 13 pro max à el jadida,El Jadida,1 799 ,08 Janvier
Iphone 12 Pro Max À Casablanca,Casablanca,1 599 ,08 Janvier
iphone 13 pro max à ,Safi,1 799 ,08 Janvier
Infinix Note 2 X600,Casablanca,700 ,08 Janvier
IPHONE 12 PRO MAX À AA CENTRE VILLE,Casablanca,1 599 ,06 Janvier
samsung galaxy m12 4gb 128gb,Casablanca,1 700 ,05 Janvier
Samsung galaxy S20 plus 128go-8go,Casablanca,5 999 ,05 Janvier
Samsung galaxy S20 Ultra 256go-12go,Casablanca,8 500 ,01 Janvier
Samsung Galaxy A12 128-4go,Casablanca,1 650 ,27 Décembre
Samsung galaxy S21 5G 256-8go,Casablanca,7 100 ,27 Décembre
Samsung Galaxy A72 256/8Go,Casablanca,4 300 ,21 Décembre
Samsung Galaxy A03s 64Go 4Go RAM,Casablanca,1 399 ,26 Novembre
SAMSUNG S9 NOIR 64 Go avec Carte SD 16 Go,Casablanca,1 600 ,24 Août
Samsung Galaxy J5 6 en très bon état,Casablanca,550 ,22 Août
Iphone 7 à vendre très propre ,Oujda,1 000 ,13 Août
Samsung A40 à vendre ,Kénitra,1 350 ,09 Août
17 iphones non testés à vendre,Marrakech,5 500 ,12 Août
titre,ville,prix,date
Infinix Note 2 X600,Casablanca,700 ,08 Janvier
Iphone 13 pro Gold 256 G neuf ,Kénitra,Prix non specifié,09 Décembre
smartwatch,Rabat,500 ,01 Décembre
iPhone 11 128Go à vendre,Casablanca,6 300 ,16 Novembre
téléphone à vendre ,Rabat,1 200 ,03 Novembre
nokia 1 à vendre,Temara,600 ,30 Octobre
téléphones à vendre pour pièces,Oujda,800 ,20 Octobre
Iphone 12 mini 128 GB neuf à vendre ,Agadir,7 100 ,12 Octobre
Des cartes mère à vendre ,Casablanca,350 ,07 Octobre
smartphones Xiaomi à vendre,Mohammedia,1 100 ,09 Septembre
télé à vendre 1 er main ,Salé,Prix non specifié,03 Septembre
SAMSUNG S9 NOIR 64 Go avec Carte SD 16 Go,Casablanca,1 600 ,24 Août
Huawei ,Salé,300 ,18 Août
17 iphones non testés à vendre,Marrakech,5 500 ,12 Août
Samsung neuf bon prix ,Rabat,6 000 ,09 Août
Samsung A40 ,Kénitra,1 350 ,09 Août
Samsung A40 à vendre ,Kénitra,1 350 ,09 Août
samsung A02 S neuf plastifié garantie 1ans,Oujda,1 350 ,22 Juin
Iphone 11 pro 128 G en bonne etat,Casablanca,7 000 ,21 Juin
Offre à ne pas rater oppo a3s 16GB 2gb ram 1000dh,Casablanca,1 000 ,17 Juin
Samsung galaxy watch 4 44mm,Casablanca,2 400 ,18:06
MacBook PRO/Apple watch 3/série 5 et série 6 neufs,Temara,Prix non specifié,15:46
Iphone 12 pro max/12 pro/watch active/tabs7 neufs,Rabat,Prix non specifié,13:30
Watch GT2/Tab S7/iphone 13/note 20 ultra neufs,Casablanca,Prix non specifié,12:00
oppo F9 a vendre,Casablanca,1 200 ,12 Janvier
band 3,El Jadida,200 ,09 Janvier
Redmi 9 à vendre,Tétouan,1 300 ,08 Janvier
Infinix Note 2 X600,Casablanca,700 ,08 Janvier
samsung galaxy m12 4gb 128gb,Casablanca,1 700 ,05 Janvier
Samsung galaxy S20 plus 128go-8go,Casablanca,5 999 ,05 Janvier
Nokia Huawei,Temara,Prix non specifié,05 Janvier
Samsung galaxy S20 Ultra 256go-12go,Casablanca,8 500 ,01 Janvier
IPhone 6 128 Go ,Rabat,4 000 ,31 Décembre
Samsung Galaxy A12 128-4go,Casablanca,1 650 ,27 Décembre
Samsung galaxy S21 5G 256-8go,Casablanca,7 100 ,27 Décembre
Samsang A10s 32 giga,Kénitra,Prix non specifié,24 Décembre
Samsung Galaxy A72 256/8Go,Casablanca,4 300 ,21 Décembre
Téléphone ,Settat,2 700 ,21 Décembre
deux téléphone à vendre,Casablanca,300 ,12 Décembre
Samsung à vendre ,Casablanca,900 ,07 Décembre
Tecno spark 2 à vendre,Marrakech,500 ,03 Décembre
smartwatch,Rabat,500 ,01 Décembre
Samsung Galaxy A03s 64Go 4Go RAM,Casablanca,1 399 ,26 Novembre
Vitrine à vendre,Mehdia,1 400 ,21 Novembre
Xiaomi Mi 10T 128/8 GB neuf avec carton,Fès,3 000 ,18 Novembre
2 téléphone à vendre en très bon état ,Rabat,Prix non specifié,17 Novembre
Samsung S7 edge,Mohammedia,1 050 ,27 Octobre
Montre connectée,Casablanca,270 ,20 Octobre
téléphones à vendre pour pièces,Oujda,800 ,20 Octobre
Iphone XR à vendre ,Casablanca,4 600 ,10 Octobre
Téléphone portable à vendre,Casablanca,700 ,06 Octobre
À vendre iPhone 13 Pro,Marrakech,15 000 ,26 Septembre
Apple Watch série 6 à vendre ,Marrakech,4 000 ,24 Septembre
amazfit gts 2 mini,Rabat,1 200 ,22 Septembre
iPhone 6s Plus et iPad 2 à vendre ,Bouznika,2 000 ,17 Septembre
Apple IPad/Galaxy S20plus/IPhone,Tanger,Prix non specifié,18:30
Samsung galaxy watch 4 44mm,Casablanca,2 400 ,18:06
MacBook PRO/Apple watch 3/série 5 et série 6 neufs,Temara,Prix non specifié,15:46
Iphone 12 pro max/12 pro/watch active/tabs7 neufs,Rabat,Prix non specifié,13:30
Watch GT2/Tab S7/iphone 13/note 20 ultra neufs,Casablanca,Prix non specifié,12:00
band 3,El Jadida,200 ,09 Janvier
iphone 13 pro max à el jadida,El Jadida,1 799 ,08 Janvier
Iphone 12 Pro Max À Casablanca,Casablanca,1 599 ,08 Janvier
Infinix Note 2 X600,Casablanca,700 ,08 Janvier
IPHONE 12 PRO MAX À AA CENTRE VILLE,Casablanca,1 599 ,06 Janvier
samsung galaxy m12 4gb 128gb,Casablanca,1 700 ,05 Janvier
Samsung galaxy S20 plus 128go-8go,Casablanca,5 999 ,05 Janvier
Samsung Z fold 3 noir (neuf),Casablanca,11 500 ,04 Janvier
Samsung galaxy S20 Ultra 256go-12go,Casablanca,8 500 ,01 Janvier
Téléphone à vendre un smartphone Huawei Y6P,Agadir,900 ,28 Décembre
Samsung Galaxy A12 128-4go,Casablanca,1 650 ,27 Décembre
Samsung galaxy S21 5G 256-8go,Casablanca,7 100 ,27 Décembre
Samsung Galaxy A72 256/8Go,Casablanca,4 300 ,21 Décembre
Note20 ultra à vendre,Ben Ahmed,7 500 ,13 Décembre
Appareil téléphonique,Kénitra,Prix non specifié,12 Décembre
Samsung S20 plus à vendre,Casablanca,5 500 ,07 Décembre
smartwatch,Rabat,500 ,01 Décembre
Huawei p smart ,El Jadida,800 ,27 Novembre
Samsung Galaxy A03s 64Go 4Go RAM,Casablanca,1 399 ,26 Novembre
sumsung A71 ,Casablanca,Prix non specifié,24 Novembre
Xiaomi Mi 10T 128/8 GB neuf avec carton,Fès,3 000 ,18 Novembre
Samsung galaxy Z Fold 3 5G,Benslimane,14 500 ,15 Novembre
Xiaomi Redmi Note 8 Pro,Fès,2 000 ,09 Novembre
Xiaomi Redmi Note 8 Pro ,Fès,2 000 ,09 Novembre
iPhone 12 Pro à vendre encore neuf utilisé 3 mois ,El Jadida,9 100 ,07 Novembre
téléphones à vendre pour pièces,Oujda,800 ,20 Octobre
telefone hwawi,Mohammedia,800 ,17 Octobre
13 Pro Max,Casablanca,16 500 ,10 Octobre
Des cartes mère à vendre ,Casablanca,350 ,07 Octobre
telephone SUMSUNG J7 PRO comme neuf à vendre,Tanger,900 ,03 Octobre
Samsung galaxy watch 4 44mm,Casablanca,2 400 ,18:06
MacBook PRO/Apple watch 3/série 5 et série 6 neufs,Temara,Prix non specifié,15:46
Iphone 12 pro max/12 pro/watch active/tabs7 neufs,Rabat,Prix non specifié,13:30
Watch GT2/Tab S7/iphone 13/note 20 ultra neufs,Casablanca,Prix non specifié,12:00
Samsung A30 ,Mohammedia,1 200 ,10 Janvier
samsung galaxy m12 4gb 128gb,Casablanca,1 700 ,05 Janvier
Samsung galaxy S20 plus 128go-8go,Casablanca,5 999 ,05 Janvier
Samsung galaxy S20 Ultra 256go-12go,Casablanca,8 500 ,01 Janvier
iPhone 7 ,Rabat,5 000 ,31 Décembre
Samsung Galaxy A12 128-4go,Casablanca,1 650 ,27 Décembre
Samsung galaxy S21 5G 256-8go,Casablanca,7 100 ,27 Décembre
Samsung Galaxy A72 256/8Go,Casablanca,4 300 ,21 Décembre
Zenfone 4 à vendre,Fès,2 000 ,17 Décembre
tablette samsung à vendre ,Casablanca,800 ,08 Décembre
SAMSUNG GALAXY A31 128Go/4Go,Casablanca,1 600 ,05 Décembre
smartwatch,Rabat,500 ,01 Décembre
montre lokmat à vendre ,Ait Melloul,1 200 ,28 Novembre
Samsung Galaxy A03s 64Go 4Go RAM,Casablanca,1 399 ,26 Novembre
Xiaomi Mi 10T 128/8 GB neuf avec carton,Fès,3 000 ,18 Novembre
huawei à vendre,Casablanca,1 400 ,27 Octobre
telephone à vendre ,Biougra,1 000 ,18 Octobre
téléphone à vendre,Casablanca,1 500 ,05 Octobre
téléphone à vendre ,Casablanca,1 500 ,05 Octobre
Redmi note 8 en bon état ,El Jadida,1 350 ,04 Octobre
téléphone ,Casablanca,600 ,24 Septembre
 note4,Salé,1 200 ,23 Septembre
J’ai 4 iPhone À vendre,Oujda,Prix non specifié,04 Septembre
télé à vendre 1 er main ,Salé,Prix non specifié,03 Septembre
Infinix note 4 pro à vendre,Sefrou,1 000 ,27 Août
Redmi note 8 ,El Jadida,1 250 ,22 Août
17 iphones non testés à vendre,Marrakech,5 500 ,12 Août
redme 9 ,Marrakech,1 400 ,07 Août
Pc portable à vendre ,Settat,3 000 ,28 Juillet
Xiaomi Redmi note 9s à vendre prix négociable,Youssoufia,2 100 ,25 Juillet
Tecno Spark 7 pro,Casablanca,Prix non specifié,24 Juillet
lot des cartes mères,Meknès,Prix non specifié,20:59
MacBook PRO/Apple watch 3/série 5 et série 6 neufs,Temara,Prix non specifié,15:46
Watch GT2/Tab S7/iphone 13/note 20 ultra neufs,Casablanca,Prix non specifié,12:00
iphone 13 pro max à el jadida,El Jadida,1 799 ,08 Janvier
Iphone 12 Pro Max À Casablanca,Casablanca,1 599 ,08 Janvier
IPHONE 12 PRO MAX À AA CENTRE VILLE,Casablanca,1 599 ,06 Janvier
smartwatch,Rabat,500 ,01 Décembre
Infinix zéro 5 pro,Ratba,1 000 ,29 Novembre
iPhone 11 128go couleur mauve ,Casablanca,7 000 ,18 Novembre
iPhone 5,Salé,650 ,31 Octobre
iphone 5 en vente,Ksar el-Kebir,400 ,25 Octobre
téléphones à vendre pour pièces,Oujda,800 ,20 Octobre
Téléphone à vendre ,Fès,1 300 ,05 Octobre
Samsung A40 à vendre ,Kénitra,1 350 ,09 Août
iPhone 5 très bon état ,Rabat,400 ,07 Août
iPhone 5 à vendre,Agadir,600 ,02 Juillet
Samsung galaxy watch 4 44mm,Casablanca,2 400 ,18:06
MacBook PRO/Apple watch 3/série 5 et série 6 neufs,Temara,Prix non specifié,15:46
Iphone 12 pro max/12 pro/watch active/tabs7 neufs,Rabat,Prix non specifié,13:30
Watch GT2/Tab S7/iphone 13/note 20 ultra neufs,Casablanca,Prix non specifié,12:00
samsung galaxy m12 4gb 128gb,Casablanca,1 700 ,05 Janvier
Samsung galaxy S20 plus 128go-8go,Casablanca,5 999 ,05 Janvier
Samsung galaxy S20 Ultra 256go-12go,Casablanca,8 500 ,01 Janvier
IPhone 6 128 Go ,Rabat,4 000 ,31 Décembre
iphone 6 à vendre,Casablanca,750 ,28 Décembre
iphone 6 à vendre,Casablanca,750 ,28 Décembre
Samsung Galaxy A12 128-4go,Casablanca,1 650 ,27 Décembre
Samsung galaxy S21 5G 256-8go,Casablanca,7 100 ,27 Décembre
IPhone 6 à vendre,Rabat,1 000 ,23 Décembre
Samsung Galaxy A72 256/8Go,Casablanca,4 300 ,21 Décembre
Écran lcd iPhone 6 Plus,Casablanca,300 ,14 Décembre
Apple Watch série 6 - 44MM,Marrakech,4 700 ,08 Décembre
smartwatch,Rabat,500 ,01 Décembre
Samsung Galaxy A03s 64Go 4Go RAM,Casablanca,1 399 ,26 Novembre
Xiaomi Redmi Note 8 Pro ,Fès,2 000 ,09 Novembre
iPhone 6 Plus GOLD,Marrakech,1 800 ,06 Octobre
Iphone à vendre,Agadir,800 ,01 Octobre
IPhone 6,Marrakech,900 ,28 Septembre
À vendre smartphone ,Casablanca,1 700 ,24 Septembre
Apple Watch série 6 à vendre ,Marrakech,4 000 ,24 Septembre
Iphone 6 gris,Safi,900 ,23 Septembre
Redmi note 8 pro 64 giga ,Fès,1 450 ,15 Septembre
samsung ,Temara,1 800 ,10 Septembre
un Huawei Y9S comme neuf à vendre ,Khouribga,2 000 ,01 Septembre
Samsung G5 6,Casablanca,700 ,28 Août
huawei y9s 128 GB-6R bon etat,Mohammedia,1 800 ,26 Août
Samsung G5 6,Casablanca,700 ,26 Août
Samsung Galaxy J5 6 en très bon état,Casablanca,550 ,22 Août
iPhone 6,Meknès,Prix non specifié,18 Août
iPhone 6 a vendre,Marrakech,700 ,13 Août
17 iphones non testés à vendre,Marrakech,5 500 ,12 Août
Iphone 12 pro max/12 pro/watch active/tabs7 neufs,Rabat,Prix non specifié,13:30
IPHONE 12 PRO MAX À AA GUÉÉLIZ,Marrakech,1 599 ,13 Janvier
huawei nova 7 256g 8g RAM 5G,Marrakech,3 000 ,12 Janvier
Iphone 13 Pro Max À Bouznikaki,Bouznika,1 799 ,12 Janvier
Iphone 13 Pro Max À A Agdal,Rabat,1 799 ,11 Janvier
iphone 13 pro max à aa maaaaaarif,Casablanca,1 799 ,11 Janvier
iPhone 7 32gb,Agadir,1 300 ,09 Janvier
iphone 13 pro max à a toute la ville,Béni Mellal,1 799 ,08 Janvier
iphone 13 pro max à el jadida,El Jadida,1 799 ,08 Janvier
Iphone 12 Pro Max À Casablanca,Casablanca,1 599 ,08 Janvier
iphone 13 pro max à ,Safi,1 799 ,08 Janvier
iPhone 7 à vendre bon état,Salé,1 200 ,06 Janvier
IPHONE 12 PRO MAX À AA CENTRE VILLE,Casablanca,1 599 ,06 Janvier
iPhone 7 ,Rabat,5 000 ,31 Décembre
IPHONE ,Béni Mellal,1 400 ,28 Décembre
iPhone 7 32g ,Casablanca,1 200 ,27 Décembre
Iphone 7 a vendre,Casablanca,1 000 ,17 Décembre
iPhone 7 à 1660 dh,Mohammedia,1 660 ,08 Décembre
Iphone 7 à vendre pour pièces ,Rabat,450 ,07 Décembre
iphone 7,Béni Mellal,1 600 ,05 Décembre
iphone 7 à vendre,Meknès,1 500 ,03 Décembre
smartwatch,Rabat,500 ,01 Décembre
iPhone 7 à vendre très bon état,Meknès,1 000 ,30 Novembre
iPhone 7 à vendre 128 go ,Marrakech,1 500 ,30 Novembre
Iphone 7 ,Agadir,1 400 ,28 Novembre
iphone 7 normal ,Casablanca,850 ,22 Novembre
iphone 7 128 Gb,El Jadida,1 600 ,22 Novembre
Xiaomi Redmi Note 8 Pro,Fès,2 000 ,09 Novembre
iphone 7 plus à vendre,Casablanca,1 750 ,27 Octobre
Iphone a vendre,Agadir,2 300 ,24 Octobre
Iphone 7 à vendre,Mohammedia,1 600 ,17 Octobre
iPhone 7 Plus 32GB,Agadir,2 100 ,12 Octobre
iPhone 7 Plus 128GB,Agadir,2 400 ,12 Octobre
Samsung s10 s10 plus 128G 8 ram état 9 livraison ,Kénitra,Prix non specifié,06 Octobre
iPhone 7 Plus à vendre,Fès,1 900 ,01 Octobre
Samsung galaxy watch 4 44mm,Casablanca,2 400 ,18:06
Iphone 12 pro max/12 pro/watch active/tabs7 neufs,Rabat,Prix non specifié,13:30
Watch GT2/Tab S7/iphone 13/note 20 ultra neufs,Casablanca,Prix non specifié,12:00
IPHONE 12 PRO MAX À AA GUÉÉLIZ,Marrakech,1 599 ,13 Janvier
Iphone 13 Pro Max À Bouznikaki,Bouznika,1 799 ,12 Janvier
iphone 8 plus,El Jadida,3 100 ,11 Janvier
IPHONE 8 64 G à vendre,Tanger,2 200 ,11 Janvier
Iphone 13 Pro Max À A Agdal,Rabat,1 799 ,11 Janvier
iphone 13 pro max à aa maaaaaarif,Casablanca,1 799 ,11 Janvier
iphone 13 pro max à a toute la ville,Béni Mellal,1 799 ,08 Janvier
iphone 13 pro max à el jadida,El Jadida,1 799 ,08 Janvier
Iphone 12 Pro Max À Casablanca,Casablanca,1 599 ,08 Janvier
iphone 13 pro max à ,Safi,1 799 ,08 Janvier
IPHONE 12 PRO MAX À AA CENTRE VILLE,Casablanca,1 599 ,06 Janvier
samsung galaxy m12 4gb 128gb,Casablanca,1 700 ,05 Janvier
Samsung galaxy S20 plus 128go-8go,Casablanca,5 999 ,05 Janvier
Samsung galaxy S20 Ultra 256go-12go,Casablanca,8 500 ,01 Janvier
Samsung Galaxy A12 128-4go,Casablanca,1 650 ,27 Décembre
Samsung galaxy S21 5G 256-8go,Casablanca,7 100 ,27 Décembre
iphone 8 plus ,Oujda,Prix non specifié,26 Décembre
Samsung Galaxy A72 256/8Go,Casablanca,4 300 ,21 Décembre
Oppo A9 2020 à vendre ,Casablanca,1 900 ,05 Décembre
À vendre,Rabat,1 900 ,04 Décembre
smartwatch,Rabat,500 ,01 Décembre
Samsung Galaxy A03s 64Go 4Go RAM,Casablanca,1 399 ,26 Novembre
Xiaomi Mi 10T 128/8 GB neuf avec carton,Fès,3 000 ,18 Novembre
Oppo A92,Oujda,1 700 ,15 Novembre
Iphone 8 plus à vendre ,Fès,4 000 ,12 Novembre
iPhone 8 64 Gb comme Neuf,Mohammedia,2 000 ,10 Novembre
Huawei P30 à vendre ,Casablanca,4 200 ,10 Novembre
Xiaomi Redmi Note 8 Pro,Fès,2 000 ,09 Novembre
Xiaomi Redmi Note 8 Pro ,Fès,2 000 ,09 Novembre
xiaomi à vendre bon état ,Casablanca,2 900 ,18 Octobre
Iphone 8 à vendre,Marrakech,1 300 ,17 Octobre
Téléphone bon état 8 Ram 64 Mp ,Casablanca,2 200 ,07 Octobre
Samsung galaxy watch 4 44mm,Casablanca,2 400 ,18:06
MacBook PRO/Apple watch 3/série 5 et série 6 neufs,Temara,Prix non specifié,15:46
Iphone 12 pro max/12 pro/watch active/tabs7 neufs,Rabat,Prix non specifié,13:30
Watch GT2/Tab S7/iphone 13/note 20 ultra neufs,Casablanca,Prix non specifié,12:00
Redmi 9 à vendre,Tétouan,1 300 ,08 Janvier
samsung galaxy m12 4gb 128gb,Casablanca,1 700 ,05 Janvier
Samsung galaxy S20 plus 128go-8go,Casablanca,5 999 ,05 Janvier
mi 9 à vendre 1300 Dh ,Tanger,Prix non specifié,01 Janvier
Samsung galaxy S20 Ultra 256go-12go,Casablanca,8 500 ,01 Janvier
Samsung Galaxy A12 128-4go,Casablanca,1 650 ,27 Décembre
Samsung galaxy S21 5G 256-8go,Casablanca,7 100 ,27 Décembre
Samsung Galaxy A72 256/8Go,Casablanca,4 300 ,21 Décembre
Note20 ultra à vendre,Ben Ahmed,7 500 ,13 Décembre
Xiaomi redmi 9 à vendre,Casablanca,1 300 ,06 Décembre
Oppo 9 2020,Tanger,1 800 ,05 Décembre
smartwatch,Rabat,500 ,01 Décembre
Samsung Galaxy A03s 64Go 4Go RAM,Casablanca,1 399 ,26 Novembre
redmi note 9 pro ,Berrechid,2 000 ,20 Novembre
Note 9 à vendre ,Casablanca,Prix non specifié,11 Novembre
INFINIX HOT 9 PLAY,Al Hoceïma,1 300 ,20 Octobre
Des cartes mère à vendre ,Casablanca,350 ,07 Octobre
Samsung s10 s10 plus 128G 8 ram état 9 livraison ,Kénitra,Prix non specifié,06 Octobre
redmi 9 bon état ,Sefrou,1 300 ,05 Septembre
SAMSUNG S9 NOIR 64 Go avec Carte SD 16 Go,Casablanca,1 600 ,24 Août
GO PRO 9 À VEBDRE,Casablanca,5 000 ,22 Août
redme 9 ,Marrakech,1 400 ,07 Août
Samsung galaxy watch 4 44mm,Casablanca,2 400 ,18:06
MacBook PRO/Apple watch 3/série 5 et série 6 neufs,Temara,Prix non specifié,15:46
Iphone 12 pro max/12 pro/watch active/tabs7 neufs,Rabat,Prix non specifié,13:30
Watch GT2/Tab S7/iphone 13/note 20 ultra neufs,Casablanca,Prix non specifié,12:00
oppo F9 a vendre,Casablanca,1 200 ,12 Janvier
samsung galaxy m12 4gb 128gb,Casablanca,1 700 ,05 Janvier
Samsung galaxy S20 plus 128go-8go,Casablanca,5 999 ,05 Janvier
note10 lite à vendre,Rabat,3 200 ,04 Janvier
Samsung galaxy S20 Ultra 256go-12go,Casablanca,8 500 ,01 Janvier
Téléphone à vendre un smartphone Huawei Y6P,Agadir,900 ,28 Décembre
Samsung Galaxy A12 128-4go,Casablanca,1 650 ,27 Décembre
Samsung galaxy S21 5G 256-8go,Casablanca,7 100 ,27 Décembre
Samsung Galaxy A72 256/8Go,Casablanca,4 300 ,21 Décembre
Téléphone ,Settat,2 700 ,21 Décembre
xiomi Redmi not 10 128g 4g ram ,El Jadida,1 950 ,19 Décembre
 téléphone à vendre.,Taza,2 750 ,11 Décembre
smartwatch,Rabat,500 ,01 Décembre
Samsung Galaxy A03s 64Go 4Go RAM,Casablanca,1 399 ,26 Novembre
Infinix hot 10 neuf ,Casablanca,1 000 ,29 Octobre
Chargeur induction belkin 10 w,Béni Mellal,300 ,22 Octobre
telephone à vendre ,Biougra,1 000 ,18 Octobre
not 10 à vendre,Fès,1 750 ,13 Octobre
note 10 à vendre,Fès,1 700 ,11 Octobre
Des cartes mère à vendre ,Casablanca,350 ,07 Octobre
note 10 plus ,Agadir,5 300 ,31 Août
Téléphone à vendre,Meknès,1 500 ,27 Août
Note 10 plus américain neuf à vendre,Agadir,9 000 ,19 Août
Infinix Hot 10 Play,Casablanca,1 300 ,17 Août
Huawei Mate 10 Lite,Fès,900 ,06 Août
Xiaomi Mi 10,Casablanca,4 300 ,20 Juin
Xiaomi Redmi Note 10,Casablanca,1 000 ,12 Juin
Apple IPad/Galaxy S20plus/IPhone,Tanger,Prix non specifié,18:30
Samsung galaxy watch 4 44mm,Casablanca,2 400 ,18:06
MacBook PRO/Apple watch 3/série 5 et série 6 neufs,Temara,Prix non specifié,15:46
Watch GT2/Tab S7/iphone 13/note 20 ultra neufs,Casablanca,Prix non specifié,12:00
Iphone 11 ,Casablanca,Prix non specifié,01:32
IPHONE 12 PRO MAX À AA GUÉÉLIZ,Marrakech,1 599 ,13 Janvier
Iphone 13 Pro Max À Bouznikaki,Bouznika,1 799 ,12 Janvier
Iphone 13 Pro Max À A Agdal,Rabat,1 799 ,11 Janvier
iphone 13 pro max à aa maaaaaarif,Casablanca,1 799 ,11 Janvier
iphone 11 à vendre,Rabat,4 999 ,10 Janvier
Téléphone à vendre ,Rabat,1 750 ,08 Janvier
iphone 13 pro max à a toute la ville,Béni Mellal,1 799 ,08 Janvier
iphone 13 pro max à el jadida,El Jadida,1 799 ,08 Janvier
Iphone 12 Pro Max À Casablanca,Casablanca,1 599 ,08 Janvier
iphone 13 pro max à ,Safi,1 799 ,08 Janvier
IPHONE 12 PRO MAX À AA CENTRE VILLE,Casablanca,1 599 ,06 Janvier
samsung galaxy m12 4gb 128gb,Casablanca,1 700 ,05 Janvier
Samsung galaxy S20 plus 128go-8go,Casablanca,5 999 ,05 Janvier
iPhone 11 Pro Max 256 go,Rabat,6 500 ,05 Janvier
Samsung galaxy S20 Ultra 256go-12go,Casablanca,8 500 ,01 Janvier
Iphone 11 64g,El Jadida,5 200 ,31 Décembre
Samsung Galaxy A12 128-4go,Casablanca,1 650 ,27 Décembre
Samsung galaxy S21 5G 256-8go,Casablanca,7 100 ,27 Décembre
iPhone 11 bleu ,Tanger,4 700 ,26 Décembre
Xiaomi 11 mi lite 5g ,Marrakech,3 000 ,24 Décembre
Samsung Galaxy A72 256/8Go,Casablanca,4 300 ,21 Décembre
Iphone 11 en excellent état,Rabat,4 900 ,12 Décembre
iPhone 11 128go,Meknès,5 400 ,09 Décembre
Iphone 11 pro max,Casablanca,6 500 ,06 Décembre
smartwatch,Rabat,500 ,01 Décembre
Iphone 11 Pro Max ,Agadir,7 300 ,29 Novembre
Samsung Galaxy A03s 64Go 4Go RAM,Casablanca,1 399 ,26 Novembre
iPhone 11 128Gb ,Casablanca,4 600 ,20 Novembre
iPhone 11 etat batterie 90 stockage 64g ,Meknès,4 800 ,19 Novembre
iPhone 11 128go couleur mauve ,Casablanca,7 000 ,18 Novembre
Apple IPad/Galaxy S20plus/IPhone,Tanger,Prix non specifié,18:30
Samsung galaxy watch 4 44mm,Casablanca,2 400 ,18:06
MacBook PRO/Apple watch 3/série 5 et série 6 neufs,Temara,Prix non specifié,15:46
Iphone 12 pro max/12 pro/watch active/tabs7 neufs,Rabat,Prix non specifié,13:30
Watch GT2/Tab S7/iphone 13/note 20 ultra neufs,Casablanca,Prix non specifié,12:00
iphone 12 pro max ,Casablanca,15 500 ,13 Janvier
IPHONE 12 PRO MAX À AA GUÉÉLIZ,Marrakech,1 599 ,13 Janvier
Iphone 13 Pro Max À Bouznikaki,Bouznika,1 799 ,12 Janvier
Iphone 13 Pro Max À A Agdal,Rabat,1 799 ,11 Janvier
iphone 13 pro max à aa maaaaaarif,Casablanca,1 799 ,11 Janvier
Iphone 12 mini à vendre,Casablanca,5 300 ,08 Janvier
iphone 13 pro max à a toute la ville,Béni Mellal,1 799 ,08 Janvier
iphone 13 pro max à el jadida,El Jadida,1 799 ,08 Janvier
Iphone 12 Pro Max À Casablanca,Casablanca,1 599 ,08 Janvier
iphone 13 pro max à ,Safi,1 799 ,08 Janvier
IPHONE 12 PRO MAX À AA CENTRE VILLE,Casablanca,1 599 ,06 Janvier
samsung galaxy m12 4gb 128gb,Casablanca,1 700 ,05 Janvier
Samsung galaxy S20 plus 128go-8go,Casablanca,5 999 ,05 Janvier
iPhone 12 pro,Marrakech,8 800 ,02 Janvier
Samsung galaxy S20 Ultra 256go-12go,Casablanca,8 500 ,01 Janvier
Samsung Galaxy A12 128-4go,Casablanca,1 650 ,27 Décembre
Samsung galaxy S21 5G 256-8go,Casablanca,7 100 ,27 Décembre
Samsung Galaxy A72 256/8Go,Casablanca,4 300 ,21 Décembre
IPhone 12,Rabat,6 800 ,14 Décembre
IPhone 12 pro à vendre ,Marrakech,10 700 ,12 Décembre
I phone 12 pro à vendre ,Casablanca,11 000 ,02 Décembre
smartwatch,Rabat,500 ,01 Décembre
Samsung Galaxy A03s 64Go 4Go RAM,Casablanca,1 399 ,26 Novembre
iPhone 12 Pro Max ,Mohammedia,8 500 ,20 Novembre
iphone 12 pro max,Rabat,2 000 ,09 Novembre
iPhone 12 Pro à vendre encore neuf utilisé 3 mois ,El Jadida,9 100 ,07 Novembre
iphone 11. 11 pro. 12,Béni Mellal,6 700 ,17 Octobre
Iphone 12 mini 128 GB neuf à vendre ,Agadir,7 100 ,12 Octobre
iPhone 12 128GB & pochette a vendre ,Tétouan,8 200 ,02 Octobre
iphone12,Meknès,Prix non specifié,28 Septembre
Samsung galaxy watch 4 44mm,Casablanca,2 400 ,18:06
MacBook PRO/Apple watch 3/série 5 et série 6 neufs,Temara,Prix non specifié,15:46
Watch GT2/Tab S7/iphone 13/note 20 ultra neufs,Casablanca,Prix non specifié,12:00
Iphone 13 normal 256 G bleu et noir neuf ,Kénitra,Prix non specifié,13 Janvier
Iphone 13 Pro Max À Bouznikaki,Bouznika,1 799 ,12 Janvier
Iphone 13 Pro Max À A Agdal,Rabat,1 799 ,11 Janvier
iphone 13 pro max à aa maaaaaarif,Casablanca,1 799 ,11 Janvier
iphone 13 pro max à a toute la ville,Béni Mellal,1 799 ,08 Janvier
iphone 13 pro max à el jadida,El Jadida,1 799 ,08 Janvier
iphone 13 pro max à ,Safi,1 799 ,08 Janvier
iPhone 13 neuf emballé et jamais utilisé ,Marrakech,10 500 ,06 Janvier
samsung galaxy m12 4gb 128gb,Casablanca,1 700 ,05 Janvier
Samsung galaxy S20 plus 128go-8go,Casablanca,5 999 ,05 Janvier
Samsung galaxy S20 Ultra 256go-12go,Casablanca,8 500 ,01 Janvier
Samsung Galaxy A12 128-4go,Casablanca,1 650 ,27 Décembre
Samsung galaxy S21 5G 256-8go,Casablanca,7 100 ,27 Décembre
Samsung Galaxy A72 256/8Go,Casablanca,4 300 ,21 Décembre
Iphone 13 pro Gold 256 G neuf ,Kénitra,Prix non specifié,09 Décembre
smartwatch,Rabat,500 ,01 Décembre
Iphone 13 & Iphone 13 mini,Rabat,Prix non specifié,28 Novembre
Samsung Galaxy A03s 64Go 4Go RAM,Casablanca,1 399 ,26 Novembre
iPhone 13 RED neuf ,Casablanca,Prix non specifié,11 Novembre
Iphone 13 256 G neuf boîte fermé ,Kénitra,Prix non specifié,10 Novembre
Iphone 13 ,Casablanca,Prix non specifié,08 Novembre
Des iphones 13 pro max 128 gb ,Marrakech,15 700 ,18 Octobre
13 Pro Max,Casablanca,16 500 ,10 Octobre
iphone 13 pro Max 128 G 256G neuf ,Kénitra,Prix non specifié,02 Octobre
Iphone 13 pro max ,Casablanca,22 000 ,29 Septembre
À vendre iPhone 13 Pro,Marrakech,15 000 ,26 Septembre
Samsung galaxy watch 4 44mm,Casablanca,2 400 ,18:06
MacBook PRO/Apple watch 3/série 5 et série 6 neufs,Temara,Prix non specifié,15:46
Iphone 12 pro max/12 pro/watch active/tabs7 neufs,Rabat,Prix non specifié,13:30
Watch GT2/Tab S7/iphone 13/note 20 ultra neufs,Casablanca,Prix non specifié,12:00
samsung galaxy m12 4gb 128gb,Casablanca,1 700 ,05 Janvier
Samsung galaxy S20 plus 128go-8go,Casablanca,5 999 ,05 Janvier
Samsung galaxy S20 Ultra 256go-12go,Casablanca,8 500 ,01 Janvier
Samsung Galaxy A12 128-4go,Casablanca,1 650 ,27 Décembre
Samsung galaxy S21 5G 256-8go,Casablanca,7 100 ,27 Décembre
Samsung Galaxy A72 256/8Go,Casablanca,4 300 ,21 Décembre
smartwatch,Rabat,500 ,01 Décembre
Samsung Galaxy A03s 64Go 4Go RAM,Casablanca,1 399 ,26 Novembre
Vivo y15 à vendre ,Meknès,1 200 ,13 Août
Samsung galaxy watch 4 44mm,Casablanca,2 400 ,18:06
MacBook PRO/Apple watch 3/série 5 et série 6 neufs,Temara,Prix non specifié,15:46
Iphone 12 pro max/12 pro/watch active/tabs7 neufs,Rabat,Prix non specifié,13:30
IPHONE 12 PRO MAX À AA GUÉÉLIZ,Marrakech,1 599 ,13 Janvier
Iphone 13 Pro Max À Bouznikaki,Bouznika,1 799 ,12 Janvier
Iphone 13 Pro Max À A Agdal,Rabat,1 799 ,11 Janvier
iphone 13 pro max à aa maaaaaarif,Casablanca,1 799 ,11 Janvier
iphone 13 pro max à a toute la ville,Béni Mellal,1 799 ,08 Janvier
iphone 13 pro max à el jadida,El Jadida,1 799 ,08 Janvier
Iphone 12 Pro Max À Casablanca,Casablanca,1 599 ,08 Janvier
iphone 13 pro max à ,Safi,1 799 ,08 Janvier
Infinix Note 2 X600,Casablanca,700 ,08 Janvier
IPHONE 12 PRO MAX À AA CENTRE VILLE,Casablanca,1 599 ,06 Janvier
samsung galaxy m12 4gb 128gb,Casablanca,1 700 ,05 Janvier
Samsung galaxy S20 plus 128go-8go,Casablanca,5 999 ,05 Janvier
Samsung galaxy S20 Ultra 256go-12go,Casablanca,8 500 ,01 Janvier
Samsung Galaxy A12 128-4go,Casablanca,1 650 ,27 Décembre
Samsung galaxy S21 5G 256-8go,Casablanca,7 100 ,27 Décembre
Samsung Galaxy A72 256/8Go,Casablanca,4 300 ,21 Décembre
Samsung Galaxy A03s 64Go 4Go RAM,Casablanca,1 399 ,26 Novembre
SAMSUNG S9 NOIR 64 Go avec Carte SD 16 Go,Casablanca,1 600 ,24 Août
Samsung Galaxy J5 6 en très bon état,Casablanca,550 ,22 Août
Iphone 7 à vendre très propre ,Oujda,1 000 ,13 Août
Samsung A40 à vendre ,Kénitra,1 350 ,09 Août
17 iphones non testés à vendre,Marrakech,5 500 ,12 Août
